time,language,CommitCommentEvent,CreateEvent,DeleteEvent,DownloadEvent,FollowEvent,ForkEvent,ForkApplyEvent,GistEvent,GollumEvent,IssueCommentEvent,IssuesEvent,MemberEvent,PublicEvent,PullRequestEvent,PullRequestReviewCommentEvent,PushEvent,TeamAddEvent,WatchEvent
201212,Parrot,1,8,6,0,0,4,0,0,0,24,31,0,0,4,0,99,0,7
201212,Scilab,0,33,28,0,0,4,0,0,2,8,4,1,0,0,0,124,0,2
201212,Perl,394,3632,549,39,0,1493,0,0,872,2996,1968,76,21,1716,121,25324,0,2607
201212,Scala,423,2267,444,41,0,1192,0,0,581,4347,1363,84,35,1919,1365,16114,0,3276
201212,OCaml,25,466,90,40,0,91,0,0,58,454,183,14,3,345,7,4167,0,293
201212,Nemerle,0,2,0,6,0,7,0,0,0,5,15,0,0,0,0,50,0,12
201212,Objective-J,0,31,8,1,0,20,0,0,25,39,12,0,0,27,0,243,0,51
201212,FORTRAN,2,187,18,0,0,35,0,0,25,218,61,8,2,58,1,1315,0,44
201212,F#,5,124,11,2,0,86,0,0,37,354,135,2,1,104,0,1299,0,180
201212,Clojure,162,891,123,14,0,589,0,0,232,1224,753,20,13,635,181,7563,0,3085
201212,Erlang,68,888,127,11,0,787,0,0,78,1131,390,32,11,560,112,5274,0,1641
201212,Rust,63,135,42,0,0,73,0,0,118,701,306,4,0,223,9,1214,0,237
201212,ooc,7,7,1,0,0,3,0,0,1,1,2,1,1,2,0,299,0,12
201212,Boo,0,1,0,0,0,0,0,0,9,0,0,2,0,0,0,68,0,5
201212,ActionScript,92,426,51,16,0,711,0,0,262,666,369,48,22,138,6,5782,0,1279
201212,Nimrod,0,1,0,0,0,1,0,0,0,7,7,0,0,2,0,37,0,2
201212,Common Lisp,73,249,19,8,0,133,0,0,33,267,200,16,2,115,0,2436,0,366
201212,Racket,45,136,37,0,0,50,0,0,124,97,113,0,2,63,1,1754,0,84
201212,Vala,10,24,2,3,0,19,0,0,14,111,67,1,0,17,0,358,0,51
201212,Mirah,0,9,0,0,0,1,0,0,0,2,0,0,0,1,0,17,0,6
201212,Factor,0,4,0,0,0,1,0,0,0,44,15,0,0,0,0,74,0,8
201212,PowerShell,6,106,8,1,0,75,0,0,395,208,95,10,1,67,2,1030,0,147
201212,Lua,152,1009,116,75,0,617,0,0,589,1977,1457,50,12,808,69,11839,0,1029
201212,Smalltalk,1,33,0,0,0,14,0,0,2,19,7,1,0,40,22,402,0,24
201212,Delphi,13,98,6,21,0,58,0,0,34,170,165,4,0,95,14,1912,0,99
201212,Haskell,224,1136,173,12,0,490,0,0,145,2122,1053,47,17,774,30,11993,0,1537
201212,HaXe,18,54,6,0,0,59,0,0,21,170,107,1,0,53,0,870,0,308
201212,Bro,0,0,0,0,0,0,0,0,0,0,0,0,0,0,0,3,0,0
201212,Rebol,0,2,0,0,0,2,0,0,0,0,0,0,0,0,0,30,0,6
201212,ASP,2,110,6,0,0,30,0,0,20,17,30,16,1,37,1,1417,0,27
201212,Julia,344,122,32,21,0,66,0,0,20,2087,483,12,0,212,20,1673,0,131
201212,Ecl,0,7,4,0,0,2,0,0,1,1,0,0,0,8,11,21,0,0
201212,C,3740,17544,2809,669,0,9356,0,0,4092,20864,9099,507,150,7458,1786,123498,0,16431
201212,SuperCollider,0,4,1,0,0,3,0,0,0,0,0,0,0,0,0,65,0,8
201212,Elixir,15,32,10,1,0,19,0,0,58,165,174,0,0,43,2,393,0,39
201212,Assembly,7,139,15,1,0,112,0,0,52,123,48,11,3,26,0,1582,0,249
201212,Java,7940,28561,3614,1918,0,17182,0,0,14577,32050,30618,2111,351,17258,3024,281619,0,23302
201212,Fantom,0,0,0,0,0,0,0,0,0,0,0,0,0,0,0,2,0,1
201212,Coq,3,14,0,1,0,2,0,0,3,4,9,5,2,4,0,335,0,14
201212,Python,5260,22763,3306,614,0,14280,0,0,4863,39564,21395,783,263,17550,5436,194610,0,35200
201212,XQuery,0,13,0,0,0,8,0,0,6,23,18,1,0,10,0,149,0,18
201212,Augeas,6,36,0,0,0,12,0,0,0,21,2,0,0,21,1,59,0,3
201212,AppleScript,0,23,0,6,0,4,0,0,7,21,21,0,0,2,0,265,0,51
201212,Ioke,0,0,0,0,0,0,0,0,0,0,0,0,0,0,0,14,0,0
201212,Max,0,1,0,0,0,0,0,0,0,0,0,0,0,0,0,52,0,0
201212,Ceylon,0,8,1,0,0,0,0,0,0,11,4,0,0,6,6,22,0,0
201212,Shell,754,5486,647,309,0,3969,0,0,1386,5225,2814,155,50,2606,125,68119,0,7762
201212,Pure Data,0,17,0,0,0,12,0,0,2,2,2,2,0,2,0,113,0,28
201212,Logtalk,0,2,0,0,0,0,0,0,10,0,5,0,0,0,0,134,0,0
201212,Ada,0,18,1,1,0,9,0,0,78,25,44,4,0,7,0,244,0,8
201212,Apex,3,22,2,1,0,46,0,0,7,23,25,1,1,9,0,197,0,40
201212,Prolog,13,85,5,0,0,22,0,0,5,39,47,11,3,11,0,906,0,54
201212,CoffeeScript,261,1656,206,6,0,1390,0,0,273,2999,1801,67,57,944,152,13798,0,6127
201212,Fancy,0,4,0,0,0,1,0,0,0,0,0,0,0,0,0,22,0,2
201212,Emacs Lisp,123,734,85,5,0,718,0,0,90,1751,687,6,3,440,23,11763,0,1719
201212,Objective-C,477,4921,577,116,0,9181,0,0,1100,7767,4772,334,133,2356,690,39279,0,33177
201212,Visual Basic,4,154,10,17,0,42,0,0,181,70,124,8,0,26,0,1478,0,99
201212,VimL,134,1228,115,4,0,1549,0,0,199,1726,683,22,17,533,31,25533,0,4672
201212,Kotlin,0,12,0,0,0,9,0,0,18,5,2,6,0,11,0,117,0,38
201212,Ruby,4289,35054,3590,156,0,20035,0,0,4402,43338,18831,1298,545,20067,4477,222866,0,49863
201212,Arduino,41,284,6,3,0,138,0,0,178,81,61,24,7,73,0,2154,0,257
201212,ColdFusion,10,119,10,1,0,78,0,0,98,402,253,1,0,91,9,1201,0,109
201212,Standard ML,0,31,5,0,0,10,0,0,2,10,10,2,1,5,0,528,0,10
201212,eC,0,0,0,0,0,0,0,0,0,0,0,0,0,0,0,1,0,0
201212,Self,0,3,0,0,0,4,0,0,0,0,0,0,0,3,0,11,0,8
201212,Tcl,0,100,0,1,0,5,0,0,6,36,21,0,1,6,0,503,0,28
201212,Groovy,166,715,113,182,0,369,0,0,151,535,573,47,6,366,139,5421,0,401
201212,VHDL,0,41,4,0,0,15,0,0,13,8,26,3,1,2,0,615,0,29
201212,AutoHotkey,7,23,0,0,0,19,0,0,5,8,10,1,0,19,0,225,0,36
201212,Verilog,9,47,5,0,0,17,0,0,84,4,10,0,3,8,0,618,0,73
201212,Arc,0,4,0,0,0,0,0,0,1,1,2,1,0,0,0,34,0,8
201212,Dylan,3,40,13,0,0,7,0,0,0,29,15,0,0,63,0,100,0,4
201212,DCPU-16 ASM,6,8,1,0,0,13,0,0,1,2,20,2,0,8,0,162,0,10
201212,R,49,372,45,21,0,243,0,0,272,937,679,26,4,258,24,6246,0,524
201212,Go,154,1309,58,70,0,953,0,0,202,1132,883,23,16,577,61,9891,0,3617
201212,Matlab,9,117,7,3,0,58,0,0,136,51,62,14,7,10,0,3898,0,123
201212,Opa,0,1,0,0,0,2,0,0,0,0,1,0,0,0,0,12,0,5
201212,Gosu,0,3,0,0,0,4,0,0,1,0,0,0,0,0,0,79,0,12
201212,JavaScript,6555,33953,4720,669,0,41093,0,0,12518,73496,48767,2092,819,26439,5966,415711,0,122213
201212,Scheme,18,216,49,3,0,44,0,0,123,31,31,6,1,31,0,1814,0,142
201212,Puppet,39,509,67,0,0,470,0,0,14,597,178,14,8,545,56,4494,0,400
201212,Io,2,5,0,0,0,1,0,0,0,0,1,0,0,0,0,64,0,6
201212,C#,824,5132,595,287,0,3434,0,0,2613,8005,5919,521,77,3006,669,48509,0,5774
201212,C++,4353,11803,2070,5116,0,6039,0,0,4115,16624,9599,614,120,6266,1379,125924,0,10538
201212,Dart,10,180,19,0,0,92,0,0,17,384,282,7,1,91,71,1268,0,212
201212,Turing,0,1,0,0,0,2,0,0,1,0,0,1,0,11,0,25,0,1
201212,Nu,0,1,0,0,0,0,0,0,0,0,0,0,0,0,0,10,0,3
201212,OpenEdge ABL,30,41,21,0,0,5,0,0,0,54,93,1,0,64,0,368,0,10
201212,PHP,3984,19900,3105,394,0,14799,0,0,5395,39072,23657,1076,299,15765,3690,197827,0,24502
201212,D,29,295,45,26,0,84,0,0,108,654,66,9,2,293,512,2366,0,202
201212,Eiffel,10,20,4,0,0,10,0,0,7,7,2,0,0,33,9,298,0,1
201211,Parrot,0,26,16,1,0,3,0,0,0,4,13,0,0,0,0,128,0,1
201211,Perl,371,4125,470,168,0,1619,0,0,700,3516,2533,131,24,1901,99,29078,0,3002
201211,Scilab,12,9,1,0,0,3,0,0,47,0,1,0,0,2,0,85,0,9
201211,Scala,455,2173,421,71,0,1161,0,0,769,4384,1469,105,38,2082,1352,15719,0,3319
201211,OCaml,34,620,67,36,0,83,0,0,34,506,247,20,3,213,1,2961,0,313
201211,Nemerle,5,4,1,42,0,2,0,0,0,6,6,0,0,3,0,49,0,19
201211,FORTRAN,20,117,9,2,0,28,0,0,84,178,58,7,1,54,9,1497,0,71
201211,Objective-J,4,17,1,3,0,22,0,0,36,146,42,4,0,23,0,185,0,80
201211,F#,25,164,16,7,0,70,0,0,165,533,178,3,1,125,1,1093,0,142
201211,Clojure,181,959,95,62,0,646,0,0,242,1178,615,33,39,796,419,7663,0,2642
201211,Erlang,171,1932,176,9,0,1152,0,0,92,1208,420,26,7,698,249,6689,0,1432
201211,ooc,5,4,0,0,0,4,0,0,1,14,4,0,0,3,0,116,0,10
201211,Boo,0,7,0,0,0,1,0,0,0,0,0,1,1,2,0,154,0,9
201211,Rust,76,135,9,0,0,71,0,0,33,545,327,11,1,194,13,1152,0,109
201211,ActionScript,67,442,41,66,0,724,0,0,288,974,536,92,19,171,7,5846,0,1623
201211,Nimrod,0,1,0,0,0,0,0,0,2,0,4,0,0,0,0,22,0,1
201211,Common Lisp,22,190,16,9,0,126,0,0,21,306,216,12,6,131,9,2782,0,406
201211,Racket,29,166,3,1,0,52,0,0,91,86,102,14,2,73,21,2354,0,154
201211,Vala,21,133,8,3,0,15,0,0,27,65,43,0,0,22,2,425,0,35
201211,Mirah,0,1,0,0,0,0,0,0,0,0,0,0,0,0,0,6,0,2
201211,Factor,2,3,1,0,0,2,0,0,1,16,11,0,0,1,0,63,0,2
201211,PowerShell,17,136,9,6,0,59,0,0,97,163,76,10,3,83,0,1046,0,138
201211,Lua,196,938,171,231,0,475,0,0,526,2824,1402,76,5,889,113,10966,0,894
201211,Delphi,20,131,8,16,0,46,0,0,27,107,89,14,0,79,8,1661,0,82
201211,Smalltalk,1,64,11,8,0,11,0,0,5,40,20,1,0,13,11,465,0,43
201211,Haskell,222,1039,157,59,0,461,0,0,272,4998,2253,36,25,781,82,12394,0,1241
201211,HaXe,19,95,29,3,0,85,0,0,93,257,123,5,0,69,0,1267,0,250
201211,Rebol,2,2,0,0,0,14,0,0,0,1,2,1,0,0,0,57,0,0
201211,ASP,18,159,28,16,0,23,0,0,55,40,141,30,1,13,0,1848,0,22
201211,Julia,216,115,20,4,0,41,0,0,5,1277,289,9,1,124,26,869,0,82
201211,Bro,0,0,0,0,0,0,0,0,0,0,2,0,0,0,0,22,0,0
201211,Ecl,0,1,0,0,0,1,0,0,0,1,1,0,0,3,0,15,0,1
201211,C,3823,17860,2933,1173,0,8507,0,0,3299,21185,9023,665,124,8022,2164,129141,0,15256
201211,SuperCollider,1,6,1,0,0,3,0,0,1,0,3,0,0,0,0,177,0,3
201211,Elixir,40,64,10,1,0,27,0,0,9,183,124,0,0,73,12,335,0,85
201211,Assembly,14,183,21,31,0,82,0,0,51,107,58,10,3,40,0,1912,0,154
201211,Java,5575,30679,3802,4548,0,16507,0,0,12103,36719,27544,3230,370,19869,4187,300542,0,21808
201211,Fantom,0,0,0,0,0,0,0,0,0,0,0,0,0,0,0,1,0,1
201211,Coq,0,12,0,1,0,4,0,0,2,3,1,1,0,6,0,315,0,20
201211,Python,5440,20488,2853,1215,0,13972,0,0,5608,40218,23470,1133,349,18640,7346,208305,0,34702
201211,Ioke,0,0,0,0,0,0,0,0,0,0,0,0,0,0,0,18,0,0
201211,Augeas,0,4,1,0,0,5,0,0,0,2,0,0,0,3,0,45,0,8
201211,AppleScript,1,19,1,3,0,10,0,0,3,1,1,0,0,2,0,108,0,24
201211,XQuery,5,41,4,0,0,3,0,0,25,23,23,0,0,8,0,178,0,16
201211,Pure Data,0,15,2,0,0,10,0,0,2,16,10,1,0,7,0,120,0,32
201211,Max,0,1,0,1,0,0,0,0,0,1,3,0,0,0,0,19,0,0
201211,Ceylon,1,4,3,0,0,1,0,0,0,32,6,0,0,5,4,23,0,2
201211,Shell,925,4873,613,843,0,4040,0,0,1429,5122,3215,172,57,2719,160,64036,0,8683
201211,Logtalk,0,3,0,0,0,0,0,0,41,0,0,0,0,0,0,110,0,1
201211,Ada,0,34,1,0,0,4,0,0,0,2,6,1,0,5,0,119,0,5
201211,Apex,6,64,1,0,0,50,0,0,21,75,91,2,1,7,0,482,0,60
201211,Prolog,5,69,12,0,0,19,0,0,7,59,49,13,7,19,0,856,0,37
201211,CoffeeScript,369,1481,136,52,0,1161,0,0,610,2707,1986,70,65,886,103,13258,0,5395
201211,Fancy,0,1,0,0,0,0,0,0,0,0,0,0,0,0,0,6,0,3
201211,Emacs Lisp,141,1049,90,11,0,639,0,0,74,1546,750,16,3,459,11,11852,0,1549
201211,Objective-C,1092,5093,553,395,0,8097,0,0,1457,7206,4314,453,163,2471,894,43101,0,29748
201211,Visual Basic,42,186,13,60,0,34,0,0,41,69,236,24,5,50,2,1840,0,112
201211,VimL,197,1425,102,20,0,1643,0,0,285,1721,743,29,12,548,6,29151,0,5320
201211,Kotlin,0,4,0,0,0,1,0,0,2,0,0,1,0,0,0,130,0,11
201211,Ruby,5468,36901,3029,356,0,21198,0,0,4955,46660,19871,1637,611,20803,5032,235549,0,46177
201211,Arduino,32,226,18,5,0,102,0,0,71,130,97,39,5,53,0,1964,0,172
201211,ColdFusion,11,98,19,11,0,80,0,0,61,366,214,3,1,95,0,1505,0,83
201211,Standard ML,9,17,3,0,0,2,0,0,3,25,10,2,0,0,0,299,0,5
201211,eC,0,0,0,0,0,0,0,0,0,0,0,0,0,0,0,2,0,0
201211,Self,0,1,0,0,0,0,0,0,0,0,0,0,0,0,0,6,0,4
201211,Dylan,30,33,10,0,0,6,0,0,0,25,6,0,0,51,2,104,0,1
201211,Arc,1,1,0,0,0,3,0,0,0,2,5,0,0,5,0,63,0,11
201211,Groovy,226,688,90,90,0,368,0,0,213,592,518,77,11,393,40,6470,0,414
201211,VHDL,6,68,11,1,0,19,0,0,6,18,27,15,1,9,0,849,0,30
201211,AutoHotkey,6,23,1,6,0,19,0,0,26,15,5,2,0,16,0,330,0,22
201211,Verilog,0,56,9,2,0,17,0,0,112,4,16,8,1,6,0,943,0,38
201211,Tcl,3,84,0,16,0,12,0,0,4,9,21,3,0,5,0,392,0,19
201211,R,56,385,27,68,0,237,0,0,430,814,661,48,7,158,34,6023,0,631
201211,Go,148,1373,58,78,0,736,0,0,161,859,837,25,22,433,61,9305,0,2952
201211,Matlab,17,131,13,13,0,80,0,0,75,74,61,40,10,38,9,3190,0,155
201211,DCPU-16 ASM,8,3,1,0,0,5,0,0,3,11,7,1,0,4,0,124,0,15
201211,Gosu,0,2,0,0,0,1,0,0,2,1,1,1,0,0,0,27,0,6
201211,Opa,0,4,1,0,0,3,0,0,0,0,0,0,0,0,0,34,0,12
201211,JavaScript,6620,34506,4399,1846,0,39817,0,0,11656,75808,53740,2551,866,27599,6984,430948,0,125385
201211,Scheme,1,114,5,8,0,38,0,0,98,55,38,5,4,19,0,1368,0,134
201211,Puppet,79,733,83,18,0,497,0,0,55,552,180,16,9,616,94,5724,0,398
201211,Io,0,5,0,0,0,3,0,0,0,0,0,0,0,2,0,45,0,4
201211,C#,1303,5444,538,762,0,3275,0,0,2536,10202,8281,641,111,2990,534,49789,0,5471
201211,C++,3836,11944,1929,2206,0,5843,0,0,4350,20785,13269,783,114,6369,1657,125865,0,11083
201211,Dart,26,238,44,0,0,103,0,0,16,510,318,13,0,149,161,2259,0,418
201211,Turing,0,0,0,0,0,0,0,0,0,0,0,0,0,0,0,2,0,2
201211,Nu,0,0,0,0,0,1,0,0,0,0,0,0,0,0,0,79,0,4
201211,PHP,3997,21911,2924,852,0,13957,0,0,5007,39981,24347,1268,297,16292,5139,211326,0,24705
201211,D,84,288,42,118,0,114,0,0,57,1008,156,12,4,342,459,2846,0,178
201211,OpenEdge ABL,27,20,4,0,0,3,0,0,7,33,79,1,1,12,0,479,0,19
201211,Eiffel,6,7,3,0,0,3,0,0,4,1,6,9,0,8,10,276,0,8
201210,Parrot,2,14,5,1,0,3,0,0,0,21,38,0,0,5,0,172,0,2
201210,Scilab,0,7,1,0,0,7,0,0,0,0,0,4,0,6,0,80,0,3
201210,Perl,438,4002,585,195,0,1702,0,0,1347,4104,2440,192,26,1932,208,28163,0,2957
201210,Scala,477,2014,385,117,0,992,0,0,871,3932,1271,78,35,1878,996,14663,0,2920
201210,OCaml,66,338,51,72,0,99,0,0,53,607,225,24,3,329,93,3101,0,429
201210,FORTRAN,12,143,28,0,0,25,0,0,34,212,144,15,1,51,0,1516,0,53
201210,Nemerle,1,2,0,48,0,6,0,0,3,17,19,0,0,1,0,94,0,12
201210,Objective-J,2,12,2,0,0,17,0,0,2,53,53,1,0,11,1,108,0,45
201210,F#,35,84,6,5,0,62,0,0,61,277,85,5,0,69,0,1161,0,138
201210,Clojure,128,964,78,33,0,1092,0,0,277,1363,717,31,24,1277,365,8248,0,2855
201210,Erlang,178,947,147,18,0,745,0,0,150,1083,381,20,14,626,247,6658,0,1446
201210,ooc,0,0,0,0,0,1,0,0,0,0,0,0,0,0,0,7,0,1
201210,Rust,122,162,30,1,0,86,0,0,88,674,408,8,0,220,7,1246,0,217
201210,Boo,0,2,0,0,0,1,0,0,8,0,0,0,0,0,0,79,0,3
201210,ActionScript,52,426,48,109,0,618,0,0,366,1006,545,42,7,227,24,5093,0,1480
201210,Common Lisp,86,214,26,17,0,152,0,0,55,247,164,13,3,154,2,2885,0,494
201210,Racket,38,103,7,1,0,17,0,0,66,50,74,13,3,44,0,1734,0,97
201210,Vala,0,33,8,7,0,15,0,0,20,43,35,7,0,10,0,386,0,30
201210,Nimrod,0,1,0,0,0,2,0,0,0,1,2,0,0,2,0,32,0,4
201210,Mirah,0,1,0,0,0,0,0,0,0,0,0,0,0,0,0,2,0,3
201210,Factor,3,7,2,0,0,3,0,0,0,65,40,0,0,10,0,310,0,13
201210,PowerShell,16,190,29,5,0,79,0,0,65,190,90,5,4,103,1,1172,0,190
201210,Lua,239,916,149,208,0,455,0,0,520,2667,1345,49,3,910,171,9595,0,861
201210,Delphi,33,104,3,16,0,36,0,0,35,161,126,4,0,79,7,1824,0,82
201210,Smalltalk,3,27,1,4,0,7,0,0,8,17,24,3,0,6,2,379,0,26
201210,Haskell,148,1096,140,150,0,486,0,0,179,1592,828,44,20,700,68,10597,0,1157
201210,HaXe,23,110,17,2,0,86,0,0,65,247,154,7,1,151,1,1561,0,261
201210,Bro,0,3,0,0,0,0,0,0,0,0,0,0,0,0,0,29,0,0
201210,Rebol,5,0,0,0,0,13,0,0,0,0,0,0,0,2,0,22,0,1
201210,ASP,4,99,10,2,0,24,0,0,56,116,307,38,2,12,0,1371,0,12
201210,Julia,202,63,26,2,0,48,0,0,3,1171,191,2,0,149,30,688,0,108
201210,Ecl,0,1,0,0,0,0,0,0,0,0,0,1,0,2,0,43,0,0
201210,C,3947,20120,2503,1276,0,7639,0,0,3244,27731,10744,567,120,7229,1767,126210,0,15034
201210,SuperCollider,0,6,1,0,0,2,0,0,0,1,1,0,0,1,0,142,0,10
201210,Elixir,29,92,5,1,0,12,0,0,12,313,183,0,0,130,37,551,0,69
201210,Assembly,20,151,15,11,0,81,0,0,63,120,64,13,5,40,0,1804,0,243
201210,Java,5109,45703,3635,4085,0,15119,0,0,12255,36453,26198,2979,342,19261,4294,272189,0,20862
201210,Fantom,0,1,0,0,0,0,0,0,1,0,0,0,0,0,0,9,0,0
201210,Coq,11,22,2,0,0,11,0,0,12,12,14,0,1,32,0,398,0,13
201210,Python,5599,24364,3019,1207,0,13575,0,0,6035,46210,26093,1140,312,18741,6972,202692,0,34497
201210,Augeas,0,9,0,0,0,1,0,0,0,1,0,0,0,3,0,29,0,4
201210,Ioke,0,0,0,0,0,0,0,0,0,0,0,0,0,0,0,26,0,0
201210,XQuery,0,7,0,10,0,8,0,0,8,4,12,0,1,5,0,95,0,11
201210,AppleScript,1,22,1,6,0,6,0,0,2,0,4,0,0,3,0,114,0,24
201210,Max,0,2,0,0,0,0,0,0,0,1,4,0,0,0,0,23,0,0
201210,Ceylon,36,11,0,0,0,2,0,0,0,9,6,0,0,5,0,23,0,0
201210,Shell,969,5457,573,594,0,3677,0,0,1687,5628,3104,177,63,2461,140,63009,0,8578
201210,Pure Data,0,8,1,0,0,5,0,0,13,23,29,1,0,0,0,125,0,27
201210,Logtalk,0,3,0,0,0,0,0,0,6,0,0,0,0,0,0,93,0,0
201210,Ada,0,22,0,0,0,5,0,0,3,1,2,0,0,5,2,174,0,13
201210,Apex,1,37,2,0,0,37,0,0,15,43,41,4,0,15,0,259,0,44
201210,Prolog,1,87,2,6,0,15,0,0,70,190,237,10,1,8,0,839,0,49
201210,CoffeeScript,257,1379,126,56,0,1082,0,0,484,3217,1867,64,43,934,142,12873,0,4956
201210,Fancy,0,2,0,0,0,1,0,0,0,1,0,1,0,2,0,33,0,2
201210,Emacs Lisp,75,810,78,15,0,682,0,0,99,1787,813,13,3,533,5,12092,0,1847
201210,Objective-C,691,4880,555,462,0,7636,0,0,1484,7565,4159,521,167,2448,630,39179,0,28928
201210,Visual Basic,47,246,32,64,0,50,0,0,101,140,156,27,3,83,10,1794,0,114
201210,VimL,130,1358,88,44,0,1557,0,0,210,1834,849,17,20,624,49,28834,0,4694
201210,Ruby,4973,38673,2819,413,0,22414,0,0,4906,46038,21231,1573,708,20631,3816,230983,0,49761
201210,Arduino,19,226,7,11,0,86,0,0,92,87,99,41,1,33,0,1818,0,175
201210,ColdFusion,21,85,7,3,0,78,0,0,75,326,213,2,2,114,0,1017,0,89
201210,Standard ML,2,14,4,0,0,1,0,0,3,32,11,2,0,0,0,262,0,7
201210,Kotlin,0,1,0,0,0,7,0,0,0,0,1,0,0,2,0,135,0,5
201210,Self,0,1,0,0,0,0,0,0,0,0,0,0,0,1,0,0,0,0
201210,Dylan,0,14,1,0,0,2,0,0,0,1,1,0,0,27,0,43,0,5
201210,Arc,2,2,0,0,0,3,0,0,0,1,1,1,0,0,0,16,0,4
201210,AutoHotkey,9,48,7,12,0,13,0,0,19,14,32,2,0,19,0,340,0,17
201210,Groovy,198,743,72,96,0,326,0,0,302,557,543,46,6,347,3,5777,0,463
201210,VHDL,5,36,6,0,0,14,0,0,23,24,9,7,1,9,0,614,0,12
201210,Verilog,3,53,4,6,0,15,0,0,23,7,14,6,1,7,0,897,0,42
201210,Tcl,14,52,3,1,0,6,0,0,21,44,36,4,0,8,2,337,0,17
201210,R,81,354,36,67,0,194,0,0,444,697,584,44,13,217,39,6033,0,429
201210,Go,81,1136,136,95,0,819,0,0,170,1207,935,28,26,745,100,9502,0,4249
201210,Matlab,4,141,19,7,0,54,0,0,47,46,60,20,5,27,0,2558,0,102
201210,DCPU-16 ASM,11,8,1,1,0,17,0,0,21,152,39,7,0,10,0,96,0,28
201210,Gosu,0,5,0,0,0,0,0,0,0,0,0,1,0,0,0,54,0,5
201210,Opa,0,7,0,0,0,3,0,0,1,0,0,2,0,2,0,130,0,12
201210,JavaScript,6300,33920,3958,1498,0,37745,0,0,11892,84644,54620,2356,885,28625,7281,428583,0,118256
201210,Scheme,2,161,2,9,0,41,0,0,10,21,76,6,7,20,0,1636,0,134
201210,Puppet,65,698,134,29,0,524,0,0,73,512,188,16,9,758,110,5895,0,401
201210,C#,997,5339,681,835,0,3232,0,0,2515,8416,6802,605,96,2885,484,45371,0,5384
201210,C++,3961,14937,1726,1127,0,5435,0,0,3570,15871,11007,831,124,5844,1389,115911,0,10551
201210,Dart,22,153,29,7,0,72,0,0,25,374,345,6,1,126,139,2152,0,307
201210,Io,0,4,0,0,0,3,0,0,0,1,0,0,0,2,0,32,0,7
201210,Turing,0,1,0,0,0,5,0,0,0,3,0,0,0,2,0,9,0,10
201210,Nu,0,3,0,0,0,0,0,0,0,0,0,0,0,0,0,44,0,12
201210,PHP,3726,21019,2426,708,0,13911,0,0,5577,36681,23154,1241,359,15921,3993,200605,0,24575
201210,D,50,379,61,75,0,121,0,0,94,1085,172,15,3,446,255,3741,0,213
201210,OpenEdge ABL,3,36,19,0,0,5,0,0,6,27,164,0,0,34,0,369,0,28
201210,Eiffel,6,23,0,0,0,3,0,0,60,8,8,4,0,6,11,196,0,1
201305,Parrot,1,2,0,0,0,1,0,0,0,0,0,0,0,4,0,10,0,0
201305,Perl,37,630,69,0,0,176,0,0,67,486,220,13,4,306,10,3261,0,258
201305,Scilab,0,1,0,0,0,0,0,0,0,0,0,0,0,0,0,16,0,0
201305,Lasso,2,16,9,0,0,3,0,0,0,56,3,0,0,40,5,64,0,1
201305,Scala,55,256,49,0,0,126,0,0,112,677,255,5,4,274,112,1757,0,375
201305,OCaml,14,72,12,0,0,6,0,0,6,74,17,2,1,89,1,396,0,25
201305,Pike,0,0,0,0,0,0,0,0,0,0,0,0,0,0,0,1,0,0
201305,Nemerle,0,1,0,0,0,1,0,0,0,0,0,0,0,0,0,5,0,4
201305,Objective-J,0,1,0,0,0,2,0,0,0,5,1,0,0,0,0,22,0,14
201305,Awk,1,2,0,0,0,0,0,0,0,0,0,0,0,0,0,20,0,2
201305,F#,0,4,0,0,0,4,0,0,2,15,8,0,0,0,0,83,0,15
201305,FORTRAN,12,26,3,0,0,2,0,0,1,43,10,1,0,13,10,231,0,7
201305,Clojure,16,146,15,0,0,67,0,0,57,182,111,4,3,111,7,1030,0,564
201305,Erlang,1,141,22,0,0,81,0,0,4,109,38,3,8,94,49,652,0,199
201305,Boo,0,2,0,0,0,0,0,0,0,0,0,0,0,2,0,7,0,0
201305,Rust,240,56,18,0,0,23,0,0,16,275,79,1,0,111,0,343,0,24
201305,ooc,0,2,0,0,0,0,0,0,0,0,0,0,0,0,0,6,0,0
201305,ActionScript,13,32,4,0,0,74,0,0,30,98,135,12,0,29,0,522,0,162
201305,Vala,0,4,0,0,0,2,0,0,1,6,9,0,0,0,0,38,0,3
201305,Nimrod,1,0,0,0,0,1,0,0,0,11,9,0,0,2,0,19,0,2
201305,Racket,6,14,2,0,0,2,0,0,1,11,7,1,0,4,0,145,0,20
201305,Common Lisp,9,38,7,0,0,9,0,0,8,50,24,1,0,27,0,400,0,60
201305,Mirah,0,0,0,0,0,0,0,0,0,0,0,0,0,0,0,0,0,1
201305,Factor,0,3,0,0,0,0,0,0,10,9,5,0,0,0,0,49,0,3
201305,Smalltalk,0,5,0,0,0,0,0,0,0,6,5,0,0,0,0,38,0,2
201305,PowerShell,0,13,3,0,0,13,0,0,5,11,13,0,0,10,6,111,0,21
201305,TypeScript,7,43,18,0,0,46,0,0,76,336,77,1,1,59,18,334,0,60
201305,Lua,40,96,11,0,0,86,0,0,32,354,175,5,1,125,2,1083,0,178
201305,Delphi,6,20,2,0,0,1,0,0,0,11,15,1,0,15,0,294,0,11
201305,Haskell,21,99,7,0,0,39,0,0,13,198,121,12,2,55,3,1145,0,154
201305,HaXe,0,1,0,0,0,6,0,0,0,0,1,0,0,0,0,6,0,6
201305,Rebol,0,0,0,0,0,0,0,0,0,0,0,0,0,0,0,4,0,1
201305,Bro,0,0,0,0,0,0,0,0,0,0,0,0,0,0,0,4,0,0
201305,ASP,0,33,3,0,0,2,0,0,2,39,23,6,0,4,0,340,0,2
201305,Julia,9,17,7,0,0,7,0,0,7,146,41,3,0,60,7,241,0,12
201305,SuperCollider,0,5,0,0,0,1,0,0,0,0,0,0,0,0,0,49,0,1
201305,Forth,0,0,0,0,0,0,0,0,0,0,0,0,0,0,0,7,0,1
201305,C,372,1381,271,4,0,1063,0,0,406,2477,935,66,21,893,364,14640,0,2137
201305,Elixir,5,13,1,0,0,2,0,0,6,42,5,0,1,19,0,50,0,19
201305,Ecl,0,0,0,0,0,0,0,0,0,0,0,0,0,0,0,2,0,0
201305,Assembly,0,13,3,0,0,11,0,0,3,13,17,2,2,3,0,183,0,36
201305,Java,836,3702,441,0,0,2646,0,0,1264,5167,4118,334,59,2788,578,38568,0,3616
201305,Fantom,0,0,0,0,0,0,0,0,0,0,0,0,0,0,0,3,0,0
201305,Coq,3,0,0,0,0,1,0,0,0,45,6,1,0,0,0,119,0,3
201305,Python,661,2886,521,0,0,1848,0,0,1096,5784,2883,141,46,2978,1247,26600,0,4427
201305,Augeas,0,2,1,0,0,1,0,0,0,2,0,0,0,2,0,5,0,1
201305,AppleScript,0,3,0,0,0,2,0,0,0,3,4,0,0,1,0,16,0,5
201305,XQuery,0,0,0,0,0,1,0,0,0,0,3,0,0,0,0,14,0,2
201305,Ceylon,0,2,2,0,0,0,0,0,0,5,0,0,0,3,23,7,0,0
201305,Pure Data,0,0,0,0,0,3,0,0,0,0,0,1,0,0,0,19,0,0
201305,Processing,0,24,2,0,0,20,0,0,2,6,18,7,0,7,0,208,0,20
201305,Logos,0,23,1,0,0,8,0,0,0,16,6,2,0,13,0,428,0,8
201305,Max,0,0,0,0,0,0,0,0,0,0,0,0,0,0,0,3,0,0
201305,Xtend,0,0,0,0,0,0,0,0,1,5,3,0,0,1,0,8,0,0
201305,DOT,0,4,0,0,0,3,0,0,0,2,13,0,1,3,0,122,0,9
201305,Shell,102,543,68,0,0,486,0,0,179,821,467,25,5,340,18,8621,0,923
201305,Logtalk,0,1,0,0,0,0,0,0,0,0,0,0,0,0,0,3,0,1
201305,MoonScript,0,0,0,0,0,0,0,0,0,0,0,0,0,0,0,1,0,0
201305,Monkey,0,0,0,0,0,0,0,0,0,0,0,0,0,0,0,3,0,0
201305,XML,0,38,4,0,0,26,0,0,17,54,12,1,0,24,6,482,0,32
201305,Apex,0,8,0,0,0,9,0,0,0,5,7,0,0,0,0,39,0,2
201305,Prolog,1,4,0,0,0,5,0,0,0,7,14,1,0,0,0,112,0,3
201305,Ada,0,0,0,0,0,3,0,0,3,9,3,0,0,0,0,92,0,1
201305,CoffeeScript,36,194,28,0,0,140,0,0,28,459,234,7,5,151,24,1749,0,716
201305,Fancy,0,0,0,0,0,0,0,0,0,0,0,0,0,0,0,0,0,2
201305,Emacs Lisp,6,89,10,0,0,82,0,0,4,260,94,2,0,72,6,1378,0,195
201305,Objective-C,69,607,89,0,0,963,0,0,141,905,597,86,19,346,55,4770,0,4203
201305,Visual Basic,0,28,9,0,0,5,0,0,10,13,19,1,1,10,2,201,0,23
201305,VimL,7,145,11,0,0,167,0,0,53,245,110,2,3,90,3,2774,0,564
201305,Kotlin,0,5,0,0,0,0,0,0,0,12,2,3,0,2,0,29,0,6
201305,Ruby,549,4606,599,1,0,2298,0,0,455,6928,2623,181,62,3525,980,28009,0,5857
201305,Arduino,0,25,4,0,0,20,0,0,31,21,25,8,1,20,0,337,0,29
201305,ColdFusion,9,14,2,0,0,7,0,0,3,34,22,0,0,4,0,150,0,9
201305,Standard ML,0,3,0,0,0,7,0,0,14,7,4,0,0,0,0,58,0,61
201305,Dylan,0,0,0,0,0,0,0,0,0,0,0,0,0,1,0,2,0,1
201305,Self,0,0,0,0,0,0,0,0,0,0,0,0,0,0,0,0,0,1
201305,Arc,0,0,0,0,0,1,0,0,0,0,0,0,0,0,0,2,0,2
201305,Groovy,11,64,3,0,0,38,0,0,12,66,73,6,2,18,10,629,0,28
201305,VHDL,3,7,4,0,0,5,0,0,3,30,29,1,0,15,15,195,0,4
201305,AutoHotkey,0,1,0,0,0,3,0,0,0,3,0,0,0,0,0,37,0,6
201305,Verilog,0,11,0,0,0,2,0,0,27,0,1,5,0,1,0,155,0,5
201305,Haxe,6,9,1,0,0,12,0,0,4,60,26,0,0,21,0,175,0,37
201305,Tcl,0,50,0,0,0,1,0,0,0,1,2,0,0,2,0,123,0,1
201305,PogoScript,0,1,0,0,0,1,0,0,0,0,0,0,0,0,0,0,0,1
201305,DCPU-16 ASM,1,2,1,0,0,0,0,0,0,0,6,0,0,0,0,13,0,0
201305,R,0,55,3,0,0,29,0,0,49,86,54,2,0,26,1,837,0,68
201305,Go,76,146,31,0,0,129,0,0,51,367,152,6,5,131,37,1319,0,720
201305,Matlab,4,43,4,0,0,31,0,0,55,33,26,10,2,20,2,1235,0,65
201305,Gosu,0,0,0,0,0,0,0,0,0,0,0,0,0,0,0,5,0,1
201305,Opa,0,0,0,0,0,1,0,0,0,0,0,0,0,0,0,0,0,0
201305,JavaScript,1000,5529,837,0,0,5304,0,0,1303,11813,7071,320,121,4350,1161,58527,0,16982
201305,Scheme,5,12,0,0,0,4,0,0,16,5,20,1,0,1,0,245,0,25
201305,Puppet,10,88,11,0,0,70,0,0,5,66,38,3,1,69,16,699,0,92
201305,C#,157,677,99,0,0,452,0,0,347,1327,872,85,22,433,91,6822,0,777
201305,LiveScript,0,0,0,0,0,1,0,0,0,10,4,0,0,1,2,17,0,3
201305,C++,315,1498,283,113,0,840,0,0,419,2434,1205,74,22,1099,241,19720,0,2322
201305,Dart,0,39,4,0,0,19,0,0,1,86,53,7,0,23,0,347,0,23
201305,Io,0,0,0,0,0,0,0,0,0,1,2,0,0,2,0,6,0,0
201305,Ragel in Ruby Host,0,0,0,0,0,1,0,0,0,0,2,0,0,0,0,6,0,0
201305,Nu,0,0,0,0,0,0,0,0,0,0,0,0,0,0,0,0,0,1
201305,Eiffel,0,1,0,0,0,0,0,0,0,3,4,0,0,1,0,70,0,0
201305,OpenEdge ABL,0,2,0,0,0,0,0,0,0,3,0,0,0,2,0,18,0,1
201305,PHP,517,2750,548,0,0,1660,0,0,804,5810,3066,129,53,2513,725,25303,0,3033
201305,D,5,24,3,0,0,8,0,0,5,31,34,1,0,12,0,279,0,23
201304,Scilab,4,6,0,0,0,7,0,0,1,0,1,0,0,0,0,88,0,6
201304,Parrot,0,11,4,0,0,6,0,0,0,19,17,0,0,3,0,135,0,7
201304,Perl,477,5770,659,0,0,1959,0,0,618,5061,2715,140,30,2905,347,34529,0,4172
201304,Lasso,13,78,25,0,0,63,0,0,2,366,71,1,0,223,267,516,0,19
201304,Scala,905,2840,498,0,0,1443,0,0,1133,6444,2184,119,45,2720,1960,21368,0,5333
201304,OCaml,92,479,71,0,0,108,0,0,21,944,436,15,8,516,50,3614,0,337
201304,ABAP,0,1,0,0,0,3,0,0,0,0,0,0,0,0,0,3,0,3
201304,Pike,0,0,0,0,0,0,0,0,0,3,2,0,0,0,0,26,0,1
201304,Awk,0,6,0,0,0,5,0,0,1,2,5,0,0,0,0,148,0,23
201304,Nemerle,1,11,4,0,0,7,0,0,1,22,34,0,1,6,0,151,0,30
201304,Objective-J,21,42,8,0,0,22,0,0,5,281,120,0,0,49,22,234,0,64
201304,FORTRAN,32,157,18,0,0,59,0,0,64,324,105,7,2,78,28,2101,0,95
201304,F#,9,111,16,0,0,72,0,0,43,373,152,8,2,120,1,1469,0,375
201304,Clojure,136,1356,142,0,0,829,0,0,353,1742,1019,56,30,1157,179,11444,0,4639
201304,Erlang,188,1193,171,0,0,771,0,0,208,1591,596,30,14,942,237,7410,0,1988
201304,Boo,0,3,0,0,0,0,0,0,0,0,0,0,1,1,0,92,0,5
201304,ooc,0,2,0,0,0,0,0,0,0,0,1,0,0,0,0,90,0,6
201304,Rust,1620,442,113,0,0,170,0,0,192,1336,464,1,0,629,55,2534,0,810
201304,ActionScript,131,570,83,0,0,756,0,0,168,1082,888,61,23,383,7,6802,0,1522
201304,Racket,43,151,27,0,0,51,0,0,23,168,61,10,2,116,15,1997,0,150
201304,Common Lisp,13,362,27,0,0,191,0,0,140,345,251,22,4,242,15,2983,0,490
201304,Vala,3,74,7,0,0,22,0,0,197,97,127,3,0,43,1,639,0,70
201304,Nimrod,0,15,2,0,0,6,0,0,1,59,71,0,0,13,0,103,0,9
201304,Mirah,0,0,0,0,0,1,0,0,0,0,0,0,0,0,0,1,0,3
201304,Factor,5,5,0,0,0,8,0,0,49,138,74,0,0,12,15,641,0,19
201304,TypeScript,151,481,121,0,0,461,0,0,433,2884,732,17,5,590,167,3558,0,1013
201304,PowerShell,7,136,12,0,0,115,0,0,105,379,120,8,13,106,10,1750,0,255
201304,Lua,255,1214,221,0,0,817,0,0,474,3383,1684,55,7,1591,84,14283,0,1838
201304,Smalltalk,6,96,9,0,0,11,0,0,3,76,75,3,0,117,73,739,0,50
201304,Delphi,14,165,12,0,0,90,0,0,44,185,137,20,1,127,5,2480,0,112
201304,Haskell,231,1290,174,9,0,453,0,0,305,2160,1415,77,14,700,49,13928,0,1668
201304,HaXe,4,25,7,0,0,38,0,0,13,67,46,1,2,36,0,206,0,154
201304,Rebol,1,2,0,0,0,3,0,0,0,3,0,0,0,3,0,30,0,4
201304,CLIPS,0,3,0,0,0,1,0,0,0,0,2,1,0,0,0,38,0,0
201304,Bro,0,0,0,0,0,2,0,0,0,1,2,0,0,2,0,11,0,3
201304,ASP,1,306,27,0,0,37,0,0,10,96,141,49,3,59,0,3520,0,35
201304,Julia,227,243,80,0,0,144,0,0,10,2179,648,13,0,514,23,2305,0,323
201304,Forth,0,1,0,0,0,0,0,0,0,0,0,0,0,1,0,16,0,0
201304,SuperCollider,0,32,2,0,0,8,0,0,3,3,0,2,1,1,0,428,0,19
201304,C,4349,21152,3747,63,0,13472,0,0,4283,28355,11773,852,210,10395,2198,171964,0,23587
201304,Elixir,20,67,5,0,0,22,0,0,53,404,145,0,1,75,24,606,0,171
201304,Ecl,0,0,0,0,0,0,0,0,0,0,0,0,0,0,0,39,0,0
201304,Assembly,24,221,31,0,0,135,0,0,73,295,168,20,3,59,19,2774,0,445
201304,Java,7101,40781,6293,237,0,26640,0,0,15512,56816,46034,4260,558,29876,5754,441336,0,38637
201304,Fantom,0,1,0,0,0,0,0,0,0,0,0,0,0,0,0,33,0,3
201304,Coq,177,16,1,0,0,5,0,0,24,1327,290,3,2,15,0,1085,0,24
201304,Python,7499,30354,5363,33,0,21260,0,0,7368,62470,32526,1668,452,30337,10105,291410,0,55304
201304,Augeas,0,5,0,0,0,8,0,0,2,2,0,0,0,4,1,38,0,10
201304,Ioke,0,0,0,0,0,0,0,0,0,0,0,0,0,0,0,9,0,0
201304,AppleScript,3,25,1,0,0,22,0,0,1,40,16,1,4,8,2,217,0,106
201304,XQuery,0,17,4,0,0,10,0,0,17,33,45,3,0,14,0,196,0,14
201304,Max,0,0,0,0,0,1,0,0,0,0,0,0,0,0,0,12,0,0
201304,Xtend,2,10,0,0,0,11,0,0,2,13,24,0,0,2,0,67,0,5
201304,Pure Data,3,24,0,0,0,22,0,0,2,9,4,0,0,18,1,226,0,58
201304,Ceylon,4,22,2,0,0,5,0,0,0,17,10,0,0,7,0,51,0,1
201304,Processing,2,244,15,0,0,171,0,0,78,108,98,31,3,41,0,3066,0,285
201304,Logos,25,250,29,0,0,69,0,0,223,246,153,52,4,151,2,4863,0,50
201304,DOT,8,46,1,0,0,33,0,0,22,30,93,7,2,21,0,1243,0,171
201304,Shell,1314,7296,1179,3,0,5435,0,0,1581,8871,4250,243,81,4209,215,99217,0,12038
201304,Logtalk,0,2,0,0,0,0,0,0,1,1,0,0,0,0,0,52,0,4
201304,MoonScript,0,10,5,0,0,3,0,0,14,0,0,0,0,0,0,113,0,5
201304,Monkey,0,4,2,0,0,1,0,0,10,0,6,0,0,0,0,46,0,2
201304,XML,49,407,76,0,0,338,0,0,321,666,440,12,0,387,111,4314,0,180
201304,Ada,50,22,1,0,0,10,0,0,13,29,24,6,2,17,0,528,0,43
201304,Prolog,4,127,11,0,0,48,0,0,14,59,86,10,4,11,0,1494,0,115
201304,Apex,4,76,1,0,0,53,0,0,39,66,90,2,2,32,2,354,0,46
201304,CoffeeScript,372,2616,380,0,0,2257,0,0,326,6473,2976,93,63,1800,206,21324,0,13151
201304,Fancy,0,0,0,0,0,0,0,0,0,0,0,0,1,0,0,2,0,4
201304,Emacs Lisp,167,1039,154,0,0,947,0,0,114,2542,1057,19,12,768,69,16901,0,2510
201304,Objective-C,620,7008,850,0,0,10717,0,0,1583,10453,6519,585,217,3536,455,56065,0,46167
201304,Visual Basic,52,352,58,0,0,86,0,0,159,100,201,18,1,82,0,2629,0,168
201304,VimL,215,1917,201,0,0,1988,0,0,277,3322,1433,29,25,848,104,35737,0,8642
201304,Ruby,6016,50059,6045,2,0,25559,0,0,6227,68633,28061,2297,705,33668,8314,315508,0,65800
201304,Arduino,28,407,22,0,0,185,0,0,187,169,211,47,11,222,4,3671,0,320
201304,ColdFusion,90,287,19,0,0,75,0,0,137,407,422,7,1,169,0,1760,0,100
201304,Standard ML,4,42,9,0,0,13,0,0,2,23,36,0,0,26,0,6798,0,29
201304,Kotlin,7,69,1,0,0,9,0,0,17,50,34,5,0,16,0,184,0,16
201304,Self,0,0,0,0,0,0,0,0,0,0,0,0,0,0,0,0,0,4
201304,Rouge,0,1,0,0,0,0,0,0,0,0,0,0,0,0,0,10,0,0
201304,Arc,0,1,0,0,0,21,0,0,0,0,0,0,0,2,0,50,0,50
201304,eC,0,0,0,0,0,0,0,0,1,0,0,0,0,0,0,5,0,0
201304,VHDL,59,119,15,0,0,39,0,0,38,197,208,17,1,96,136,1468,0,88
201304,Groovy,119,965,124,1,0,469,0,0,320,940,940,62,9,464,110,7424,0,544
201304,AutoHotkey,2,56,8,0,0,33,0,0,56,17,20,0,0,26,0,475,0,65
201304,Verilog,4,84,9,0,0,51,0,0,143,12,12,18,2,28,0,1901,0,104
201304,Haxe,49,153,35,0,0,122,0,0,11,319,207,11,5,119,0,2376,0,450
201304,Dylan,0,15,6,0,0,3,0,0,0,31,9,0,0,45,3,81,0,1
201304,Tcl,3,70,7,0,0,21,0,0,27,9,21,7,3,3,0,528,0,41
201304,PogoScript,0,2,1,0,0,28,0,0,0,29,10,0,0,8,0,34,0,126
201304,R,62,611,81,0,0,463,0,0,446,1130,951,57,16,406,27,10043,0,1150
201304,Go,276,2013,304,0,0,1455,0,0,242,3309,1826,60,32,1388,588,16086,0,7401
201304,Matlab,43,536,52,0,0,209,0,0,117,392,434,67,25,279,13,12242,0,230
201304,DCPU-16 ASM,352,28,8,0,0,5,0,0,0,245,53,1,0,2,0,150,0,12
201304,Opa,0,0,0,0,0,2,0,0,0,0,0,0,0,0,0,9,0,4
201304,Gosu,0,6,0,0,0,15,0,0,8,1,0,1,1,0,0,127,0,36
201304,JavaScript,8877,59986,9080,6,0,60362,0,0,15101,127998,81015,4107,1208,47266,13425,655401,0,188533
201304,Scheme,12,196,19,0,0,98,0,0,34,99,102,14,6,59,3,2971,0,350
201304,Puppet,60,1047,132,0,0,813,0,0,110,888,481,13,16,794,113,8519,0,709
201304,Io,0,2,2,0,0,3,0,0,2,12,5,0,1,2,0,96,0,24
201304,LiveScript,16,31,6,0,0,12,0,0,1,107,111,0,1,27,0,413,0,44
201304,C#,1570,7588,1197,0,0,4736,0,0,3374,14368,10352,991,130,4739,1287,75116,0,8191
201304,C++,4980,24656,6227,1337,0,8802,0,0,5586,32717,15550,920,231,10911,2514,199730,0,18006
201304,Dart,112,357,46,0,0,140,0,0,41,902,467,22,1,301,110,3712,0,385
201304,Ragel in Ruby Host,0,5,0,0,0,0,0,0,0,4,13,0,0,0,0,39,0,8
201304,Nu,0,11,2,0,0,3,0,0,0,0,13,0,0,2,0,130,0,6
201304,Turing,0,2,0,0,0,1,0,0,0,0,0,1,0,0,0,53,0,2
201304,PHP,5213,29231,5008,0,0,19887,0,0,6782,58298,36897,1712,401,25152,6299,279125,0,37296
201304,D,61,280,56,0,0,156,0,0,46,560,244,14,3,260,140,2641,0,261
201304,OpenEdge ABL,0,15,1,0,0,17,0,0,3,20,33,3,1,23,3,422,0,25
201304,Eiffel,16,13,0,0,0,4,0,0,3,71,40,0,0,5,17,621,0,10
201303,Lasso,44,119,30,0,0,70,0,0,3,517,174,9,0,251,266,1010,0,25
201303,Parrot,4,7,4,0,0,5,0,0,0,88,80,0,0,4,0,125,0,4
201303,Perl,524,4964,681,0,0,2000,0,0,718,5442,3018,126,34,2916,342,35525,0,3721
201303,Scilab,0,8,3,0,0,7,0,0,1,0,1,2,1,7,0,132,0,4
201303,Scala,722,2410,489,0,0,1408,0,0,842,5479,2050,76,36,2372,1463,19085,0,4406
201303,OCaml,46,742,69,0,0,131,0,0,42,864,355,8,5,507,42,3519,0,387
201303,ABAP,0,0,0,0,0,1,0,0,0,0,0,0,0,0,0,0,0,3
201303,Pike,0,1,0,0,0,0,0,0,0,0,0,0,0,0,0,8,0,0
201303,Awk,0,9,1,0,0,0,0,0,0,7,2,0,0,0,0,117,0,5
201303,Nemerle,0,6,3,0,0,5,0,0,1,4,21,0,0,11,0,231,0,35
201303,FORTRAN,52,164,17,0,0,49,0,0,89,397,173,21,4,79,5,1601,0,86
201303,Objective-J,46,63,22,0,0,27,0,0,22,692,218,1,0,92,53,339,0,109
201303,F#,20,122,23,0,0,70,0,0,112,401,85,5,1,98,2,1506,0,319
201303,Clojure,362,1313,155,0,0,1131,0,0,480,2033,1169,56,20,1058,179,12330,0,5361
201303,Erlang,160,1174,171,0,0,830,0,0,92,1513,534,71,25,804,173,7387,0,2426
201303,Boo,0,11,0,0,0,2,0,0,0,0,0,0,0,7,0,63,0,3
201303,Rust,2111,439,105,0,0,87,0,0,276,1250,455,7,0,663,16,2751,0,193
201303,ooc,7,7,0,0,0,1,0,0,1,11,5,5,0,15,0,396,0,11
201303,ActionScript,112,488,64,0,0,838,0,0,280,1296,883,59,18,313,12,6319,0,1571
201303,Nimrod,2,19,7,0,0,5,0,0,1,35,46,2,0,34,0,82,0,6
201303,Common Lisp,40,213,19,0,0,143,0,0,221,276,244,5,1,94,1,2832,0,636
201303,Racket,101,137,28,0,0,48,0,0,27,218,141,8,4,106,0,2182,0,146
201303,Vala,6,47,4,0,0,16,0,0,3,76,73,0,0,17,0,674,0,63
201303,Mirah,0,0,0,0,0,1,0,0,0,0,0,0,0,0,0,6,0,2
201303,TypeScript,151,314,104,0,0,146,0,0,91,1627,491,4,0,384,82,2368,0,357
201303,Factor,1,8,0,0,0,6,0,0,0,169,94,0,0,5,0,734,0,20
201303,PowerShell,24,135,14,0,0,91,0,0,187,241,155,6,2,93,15,1902,0,269
201303,Delphi,15,121,12,0,0,115,0,0,337,291,171,6,1,270,16,2495,0,136
201303,Lua,374,1127,197,0,0,743,0,0,533,2950,1709,68,20,1351,45,13846,0,1422
201303,Smalltalk,5,47,4,0,0,12,0,0,3,45,91,1,0,21,13,709,0,29
201303,Haskell,230,1159,188,37,0,588,0,0,254,2283,1267,97,25,813,78,15357,0,1808
201303,HaXe,35,112,43,0,0,106,0,0,15,299,117,2,0,127,5,830,0,223
201303,TXL,0,0,0,0,0,0,0,0,0,0,0,0,0,0,0,1,0,0
201303,CLIPS,0,4,0,0,0,2,0,0,1,0,2,0,1,0,0,82,0,1
201303,Bro,0,2,0,0,0,2,0,0,0,1,0,0,0,2,0,20,0,11
201303,Rebol,0,1,0,0,0,3,0,0,1,0,0,0,0,0,0,72,0,7
201303,ASP,11,165,18,0,0,60,0,0,115,74,119,38,4,81,2,2363,0,27
201303,Julia,219,269,71,0,0,125,0,0,23,2694,738,12,0,429,44,2159,0,213
201303,Forth,0,1,0,0,0,0,0,0,0,0,0,0,0,0,0,10,0,1
201303,Ecl,0,1,0,0,0,1,0,0,0,0,0,0,0,5,0,6,0,1
201303,C,4912,19771,3788,62,0,13432,0,0,4795,31625,13377,705,213,11224,2731,164977,0,22856
201303,SuperCollider,0,19,2,0,0,7,0,0,1,0,2,2,0,4,0,231,0,14
201303,Elixir,13,35,5,0,0,19,0,0,96,179,205,0,1,42,24,525,0,95
201303,Assembly,9,164,17,0,0,168,0,0,74,294,287,20,9,49,2,2267,0,437
201303,Java,7246,37189,5996,239,0,26597,0,0,15161,54196,55252,3928,467,27960,6293,400278,0,38552
201303,Fantom,0,2,0,0,0,0,0,0,0,0,0,1,0,0,0,29,0,0
201303,Coq,14,18,3,0,0,8,0,0,5,71,18,1,0,35,1,414,0,13
201303,Python,7185,25874,5165,21,0,20382,0,0,7084,62044,31666,1326,436,29295,10791,274055,0,55832
201303,Augeas,10,4,0,0,0,7,0,0,0,18,3,0,0,9,6,30,0,9
201303,AppleScript,0,19,1,0,0,18,0,0,2,30,10,0,0,7,0,207,0,95
201303,Ioke,0,0,0,0,0,0,0,0,0,0,0,0,0,0,0,17,0,0
201303,XQuery,1,11,1,0,0,15,0,0,21,66,76,0,0,25,0,222,0,21
201303,Processing,0,102,10,0,0,18,0,0,10,46,54,18,1,40,0,1019,0,42
201303,DOT,0,19,2,0,0,6,0,0,11,14,7,0,0,12,0,632,0,31
201303,Logos,28,207,36,0,0,54,0,0,41,86,52,29,4,74,0,2867,0,31
201303,Xtend,0,4,3,0,0,1,0,0,16,32,25,1,0,0,0,119,0,4
201303,Max,0,0,0,0,0,0,0,0,0,0,0,0,0,0,0,8,0,0
201303,Ceylon,36,11,5,0,0,1,0,0,0,110,37,0,0,22,1,74,0,1
201303,Pure Data,0,11,3,0,0,17,0,0,1,7,17,0,0,11,0,194,0,43
201303,Shell,1303,6197,1068,13,0,5889,0,0,1265,8947,4147,183,98,4373,319,92391,0,12861
201303,Monkey,0,8,2,0,0,2,0,0,1,1,2,1,0,0,0,58,0,6
201303,XML,56,323,70,0,0,217,0,0,123,516,288,6,2,353,106,3268,0,112
201303,Logtalk,0,3,0,0,0,0,0,0,1,0,0,0,0,0,0,147,0,3
201303,Apex,4,80,8,0,0,71,0,0,23,55,61,4,0,16,0,371,0,55
201303,Ada,2,11,2,0,0,9,0,0,22,26,22,3,1,30,0,332,0,22
201303,Prolog,1,88,9,0,0,37,0,0,14,48,57,8,5,37,13,1629,0,83
201303,CoffeeScript,452,2170,291,0,0,2012,0,0,482,7746,3407,115,79,1879,332,22321,0,7867
201303,Fancy,0,1,0,0,0,1,0,0,0,0,0,0,0,0,0,12,0,6
201303,Emacs Lisp,225,956,114,0,0,920,0,0,94,2405,1012,13,5,750,91,16205,0,2524
201303,Objective-C,530,6744,847,0,0,11514,0,0,1638,9637,6357,538,216,3539,681,78340,0,48499
201303,Visual Basic,8,218,31,0,0,73,0,0,187,55,166,20,6,48,0,2420,0,166
201303,VimL,154,1252,168,0,0,2124,0,0,144,2679,1279,29,30,873,143,35738,0,8447
201303,Ruby,5792,42546,5418,10,0,26302,0,0,5847,69046,29882,1944,788,30705,6682,308850,0,64725
201303,Arduino,18,213,21,0,0,169,0,0,172,137,156,32,9,86,0,3006,0,259
201303,ColdFusion,18,87,24,0,0,82,0,0,365,360,319,6,4,122,0,1375,0,102
201303,Standard ML,5,38,5,0,0,13,0,0,3,22,27,4,2,4,0,536,0,51
201303,Kotlin,16,89,3,0,0,4,0,0,17,12,3,1,0,36,0,152,0,12
201303,Haxe,30,57,7,0,0,43,0,0,25,212,65,5,0,46,7,1235,0,270
201303,eC,0,0,0,0,0,1,0,0,0,0,0,0,0,0,0,17,0,2
201303,Dylan,6,16,3,0,0,5,0,0,0,31,27,0,0,77,22,158,0,3
201303,AutoHotkey,6,33,8,0,0,23,0,0,6,39,44,0,0,31,0,395,0,53
201303,Self,0,0,0,0,0,0,0,0,0,0,0,0,0,0,0,1,0,7
201303,Groovy,144,856,119,19,0,433,0,0,321,768,749,83,6,372,117,7332,0,557
201303,VHDL,4,78,30,1,0,30,0,0,38,303,226,9,3,151,175,1190,0,37
201303,Verilog,2,61,7,0,0,51,0,0,131,20,35,11,5,24,0,1694,0,96
201303,Arc,0,0,0,0,0,20,0,0,0,0,0,0,0,0,0,7,0,80
201303,Tcl,36,47,5,0,0,24,0,0,13,50,43,1,1,15,0,729,0,36
201303,PogoScript,0,2,0,0,0,0,0,0,0,0,0,0,0,0,0,9,0,0
201303,DCPU-16 ASM,0,5,6,0,0,1,0,0,5,28,30,0,0,5,0,112,0,15
201303,R,112,434,53,0,0,443,0,0,371,1073,879,41,12,354,39,9354,0,887
201303,Go,328,1518,189,0,0,1427,0,0,251,2554,1588,33,33,1304,330,14102,0,7132
201303,Matlab,22,376,40,0,0,154,0,0,180,361,235,50,12,141,13,11018,0,189
201303,Opa,0,0,0,0,0,1,0,0,0,0,0,0,0,0,0,0,0,3
201303,Gosu,0,3,0,0,0,7,0,0,7,0,1,4,0,1,0,163,0,17
201303,JavaScript,9415,53374,8502,7,0,61415,0,0,16185,127244,81648,3367,1197,44854,10824,623529,0,194707
201303,Scheme,45,141,20,0,0,128,0,0,10,50,38,4,2,129,12,2940,0,450
201303,Puppet,80,970,138,0,0,847,0,0,84,996,341,11,15,765,135,7522,0,762
201303,LiveScript,5,20,1,0,0,0,0,0,2,95,127,0,0,4,0,285,0,10
201303,Io,0,6,0,0,0,12,0,0,7,18,19,1,0,2,0,110,0,20
201303,C#,1296,5827,1069,3,0,4957,0,0,3058,14162,9206,638,102,4587,1368,66427,0,7766
201303,C++,7150,17949,4666,949,0,8466,0,0,5722,24048,14478,787,236,9618,2486,171965,0,15710
201303,Dart,65,260,41,0,0,155,0,0,84,711,394,16,0,208,73,2725,0,409
201303,Ragel in Ruby Host,0,1,0,0,0,0,0,0,0,0,0,0,0,0,0,2,0,0
201303,Turing,0,3,0,0,0,1,0,0,0,1,2,0,0,2,0,12,0,4
201303,Nu,0,0,0,0,0,0,0,0,0,0,0,0,0,0,0,11,0,6
201303,PHP,5076,25908,4798,0,0,19981,0,0,6189,57544,34370,1597,449,25296,6223,271873,0,36821
201303,D,65,323,90,0,0,151,0,0,87,934,346,18,5,421,343,3063,0,266
201303,OpenEdge ABL,0,18,8,0,0,10,0,0,37,21,55,3,1,18,0,373,0,32
201303,Eiffel,35,14,4,0,0,6,0,0,9,134,62,0,0,36,94,464,0,2
201302,Scilab,0,7,1,0,0,5,0,0,1,0,0,0,0,3,0,135,0,5
201302,Perl,571,4193,595,2,0,1699,0,0,662,4548,2650,91,26,2600,335,29053,0,3109
201302,Scala,856,2216,588,0,0,1220,0,0,642,5545,2230,71,27,2558,1738,16875,0,3606
201302,OCaml,44,467,79,6,0,116,0,0,51,883,359,22,4,405,31,2940,0,266
201302,Parrot,0,19,4,0,0,1,0,0,0,28,49,0,0,12,0,195,0,7
201302,Nemerle,1,5,0,0,0,8,0,0,1,1,10184,0,0,9,0,53,0,18
201302,FORTRAN,3,81,9,0,0,37,0,0,123,229,95,9,1,61,5,1274,0,66
201302,Objective-J,60,61,17,0,0,24,0,0,22,1560,307,0,0,119,39,409,0,119
201302,F#,11,103,16,0,0,84,0,0,24,373,139,2,2,104,0,812,0,457
201302,Clojure,124,826,95,0,0,692,0,0,610,1785,954,18,21,869,180,6874,0,3078
201302,Erlang,113,943,165,0,0,685,0,0,92,1365,382,80,5,703,205,5381,0,1709
201302,Boo,0,4,0,0,0,1,0,0,0,1,3,1,0,4,0,55,0,1
201302,Rust,1622,294,83,0,0,99,0,0,99,899,381,2,1,525,15,2271,0,408
201302,ooc,6,12,1,0,0,6,0,0,1,7,3,0,1,5,0,172,0,11
201302,ActionScript,50,480,64,0,0,644,0,0,191,1172,847,46,10,240,8,4820,0,1287
201302,Nimrod,0,0,0,0,0,0,0,0,0,0,2,0,0,0,0,2,0,0
201302,Vala,16,18,3,0,0,21,0,0,2,60,68,0,1,18,0,422,0,44
201302,Common Lisp,18,129,37,0,0,147,0,0,52,275,200,4,3,97,3,2322,0,477
201302,Racket,74,130,21,0,0,57,0,0,63,196,165,6,2,100,0,1758,0,228
201302,Mirah,0,0,0,0,0,0,0,0,0,1,2,0,0,0,0,4,0,3
201302,Factor,1,4,0,0,0,0,0,0,0,31,13,0,0,1,0,153,0,9
201302,PowerShell,12,93,15,0,0,78,0,0,73,187,93,4,2,68,4,1011,0,236
201302,Lua,253,999,171,8,0,547,0,0,437,2277,1384,39,8,807,55,9708,0,954
201302,Delphi,20,97,8,0,0,56,0,0,83,197,167,4,2,74,6,1857,0,99
201302,Smalltalk,4,172,1,0,0,13,0,0,24,45,26,2,0,26,93,461,0,16
201302,Haskell,146,979,176,5,0,477,0,0,189,1840,1097,49,13,794,66,11041,0,1614
201302,HaXe,62,78,14,0,0,99,0,0,44,296,150,0,0,138,1,1047,0,258
201302,Bro,0,1,0,0,0,3,0,0,1,8,1,2,0,0,0,69,0,31
201302,Rebol,5,2,2,0,0,3,0,0,1,2,0,0,0,4,0,63,0,0
201302,ASP,5,87,5,0,0,29,0,0,15,37,48,19,2,39,0,1327,0,34
201302,Julia,245,137,41,0,0,117,0,0,3,2405,580,7,0,297,6,1301,0,198
201302,SuperCollider,7,1,0,0,0,3,0,0,0,10,4,0,0,3,0,102,0,6
201302,Ecl,0,1,0,0,0,1,0,0,0,1,0,0,0,1,0,47,0,0
201302,C,4565,16999,2964,56,0,9988,0,0,3227,25360,10383,512,147,8889,2151,131965,0,19578
201302,Elixir,21,62,15,0,0,27,0,0,48,247,276,0,0,72,7,398,0,195
201302,Assembly,4,108,6,0,0,110,0,0,23,132,101,10,1,95,4,1801,0,316
201302,Java,5908,29372,4842,300,0,18868,0,0,11933,47443,39153,2478,402,21350,4256,285311,0,27574
201302,Fantom,0,0,0,0,0,0,0,0,0,0,0,0,0,0,0,10,0,1
201302,Coq,7,31,11,0,0,4,0,0,5,64,13,2,0,49,10,424,0,13
201302,Python,6135,21288,4499,29,0,16155,0,0,4803,52074,28013,883,296,22590,8891,208291,0,40674
201302,Ioke,0,0,0,0,0,0,0,0,0,0,0,0,0,0,0,11,0,2
201302,Augeas,2,3,0,0,0,2,0,0,0,4,1,0,0,1,0,10,0,9
201302,AppleScript,8,9,0,0,0,21,0,0,1,19,22,0,0,3,0,110,0,49
201302,XQuery,1,5,0,0,0,20,0,0,20,77,94,2,1,16,0,171,0,45
201302,Max,0,0,0,0,0,0,0,0,0,0,0,0,0,0,0,8,0,0
201302,Pure Data,0,12,2,0,0,20,0,0,0,5,14,0,0,3,0,122,0,47
201302,Ceylon,13,33,15,0,0,3,0,0,0,74,18,1,0,43,13,115,0,2
201302,Shell,1099,5428,784,27,0,4630,0,0,1615,8233,4054,163,109,3529,330,75198,0,9802
201302,Logtalk,0,2,0,0,0,0,0,0,7,2,2,0,0,0,0,104,0,4
201302,Apex,0,66,2,0,0,58,0,0,2,37,55,10,3,15,0,256,0,37
201302,Prolog,1,69,5,0,0,29,0,0,8,99,72,6,5,27,4,1131,0,63
201302,Ada,2,10,1,0,0,4,0,0,102,15,19,0,1,2,0,353,0,5
201302,CoffeeScript,422,1714,259,0,0,1643,0,0,539,6653,3300,72,47,1460,156,15359,0,9617
201302,Fancy,0,1,0,0,0,0,0,0,0,0,0,0,0,0,0,16,0,1
201302,Emacs Lisp,180,711,118,0,0,695,0,0,80,2139,829,11,4,727,47,12943,0,1985
201302,Objective-C,640,6255,744,1,0,8795,0,0,1455,9732,5860,463,190,3200,633,45091,0,38702
201302,Visual Basic,13,144,11,0,0,43,0,0,88,122,297,11,2,89,0,1744,0,120
201302,VimL,193,946,144,0,0,1710,0,0,186,1867,881,15,24,678,12,28597,0,6082
201302,Ruby,5447,34277,4573,15,0,22401,0,0,4467,57139,23698,1300,631,25857,5477,228286,0,56277
201302,Arduino,9,183,25,0,0,141,0,0,73,156,83,31,7,86,29,1863,0,238
201302,ColdFusion,6,52,8,0,0,59,0,0,191,344,372,3,3,62,0,1214,0,95
201302,Standard ML,8,18,0,0,0,9,0,0,3,31,21,2,5,6,0,372,0,20
201302,Kotlin,38,117,12,0,0,12,0,0,20,15,2,2,0,62,7,152,0,32
201302,Arc,1,2,0,0,0,18,0,0,0,0,0,0,0,0,0,24,0,92
201302,eC,0,0,0,0,0,0,0,0,0,0,0,0,0,14,0,28,0,0
201302,Dylan,6,11,4,0,0,4,0,0,0,15,5,0,0,23,3,60,0,12
201302,Self,0,1,1,0,0,1,0,0,0,0,0,0,0,1,0,57,0,1
201302,Groovy,166,694,100,4,0,389,0,0,117,883,871,56,8,423,388,6468,0,572
201302,VHDL,9,55,17,0,0,15,0,0,39,92,86,2,1,45,80,686,0,36
201302,AutoHotkey,2,28,2,0,0,17,0,0,4,10,15,0,0,10,0,211,0,34
201302,Verilog,3,35,5,0,0,37,0,0,13,10,12,4,2,14,0,733,0,50
201302,Tcl,35,59,11,0,0,21,0,0,26,35,115,1,0,23,0,565,0,48
201302,DCPU-16 ASM,7,3,0,0,0,2,0,0,6,66,27,1,0,8,1,131,0,8
201302,R,62,382,59,0,0,283,0,0,229,895,792,29,14,215,20,6564,0,665
201302,Go,123,1040,108,5,0,860,0,0,158,1479,928,13,18,617,260,7986,0,3533
201302,Matlab,5,126,18,0,0,75,0,0,44,104,44,30,10,38,0,5760,0,116
201302,Opa,0,1,0,0,0,1,0,0,0,1,0,0,0,0,0,2,0,7
201302,Gosu,0,5,0,0,0,5,0,0,1,2,17,1,0,2,0,74,0,16
201302,JavaScript,7779,41707,6548,13,0,49112,0,0,12679,106077,67931,2481,946,36357,8365,468539,0,155695
201302,Scheme,8,110,10,0,0,46,0,0,61,57,36,5,1,34,0,1601,0,166
201302,Puppet,47,633,86,0,0,664,0,0,54,661,225,12,17,659,106,5055,0,554
201302,C#,1037,4893,769,16,0,4071,0,0,1856,12067,13152,368,95,3715,926,43558,0,6674
201302,C++,4645,17308,2922,188,0,6828,0,0,4446,23578,17831,590,140,8277,2132,133296,0,13897
201302,Dart,51,184,32,0,0,95,0,0,19,556,366,11,1,150,56,2182,0,241
201302,Io,0,19,3,0,0,4,0,0,17,10,9,0,0,6,1,105,0,19
201302,Nu,0,0,0,0,0,1,0,0,0,0,0,0,0,0,0,0,0,6
201302,Turing,0,0,0,0,0,1,0,0,0,0,0,0,0,0,0,18,0,2
201302,PHP,4501,20843,4159,1,0,16613,0,0,4894,65106,33523,1186,342,19441,4427,207052,0,30548
201302,D,51,387,92,0,0,125,0,0,78,918,331,16,2,461,247,2860,0,237
201302,OpenEdge ABL,0,40,17,0,0,52,0,0,17,54,70,5,0,58,6,272,0,178
201302,Eiffel,0,17,0,0,0,6,0,0,14,0,4,1,0,10,1,186,0,3
201301,Scilab,1,53,21,0,0,6,0,0,2,2,8,0,0,9,0,241,0,4
201301,Parrot,0,15,9,0,0,3,0,0,0,41,74,0,0,1,0,140,0,2
201301,Perl,448,3839,634,3,0,1801,0,0,720,3824,2187,92,27,2385,372,28500,0,3650
201301,Scala,821,2458,555,0,0,1353,0,0,862,7773,3097,71,29,2731,2272,18279,0,3906
201301,OCaml,31,314,59,18,0,94,0,0,48,543,258,7,2,360,40,3393,0,285
201301,Nemerle,2,2,0,0,0,6,0,0,0,32,30,0,0,8,0,104,0,17
201301,FORTRAN,5,136,31,0,0,44,0,0,173,147,67,14,2,50,8,1642,0,83
201301,Objective-J,19,37,15,0,0,34,0,0,11,280,187,4,0,44,11,508,0,101
201301,F#,3,83,14,0,0,69,0,0,20,327,156,0,3,54,0,764,0,239
201301,Clojure,99,1008,91,0,0,731,0,0,607,1941,1079,33,23,867,78,8070,0,3948
201301,Erlang,162,1127,173,0,0,808,0,0,75,1432,482,34,11,739,196,6611,0,1909
201301,Boo,0,9,0,0,0,1,0,0,0,8,19,1,0,4,0,76,0,3
201301,ooc,3,3,1,0,0,0,0,0,0,2,4,6,0,1,0,121,0,7
201301,Rust,105,232,74,0,0,99,0,0,89,962,387,8,0,376,13,1475,0,296
201301,ActionScript,106,367,49,0,0,867,0,0,142,2139,1775,36,17,235,12,5547,0,1545
201301,Racket,34,105,16,0,0,99,0,0,125,218,140,13,3,88,0,1978,0,285
201301,Common Lisp,21,156,35,0,0,169,0,0,35,401,342,2,6,132,3,2199,0,528
201301,Vala,11,46,11,0,0,23,0,0,7,43,98,1,0,14,0,427,0,44
201301,Nimrod,0,0,0,0,0,1,0,0,0,0,1,0,0,0,0,6,0,4
201301,Mirah,0,1,0,0,0,2,0,0,0,0,0,0,0,0,0,22,0,13
201301,Factor,2,5,6,0,0,3,0,0,0,44,10,0,0,4,0,149,0,9
201301,PowerShell,21,137,30,0,0,80,0,0,78,220,158,4,2,164,18,1084,0,195
201301,Delphi,17,105,12,0,0,76,0,0,52,245,106,4,2,62,11,1973,0,122
201301,Lua,267,775,146,24,0,801,0,0,832,2201,1503,70,20,893,90,12186,0,1206
201301,Smalltalk,14,215,6,0,0,21,0,0,44,107,23,2,0,105,39,644,0,31
201301,Haskell,277,991,147,9,0,506,0,0,200,2437,1228,45,17,848,38,11670,0,1627
201301,HaXe,37,43,21,0,0,117,0,0,39,253,112,1,0,148,0,1212,0,286
201301,Bro,0,1,0,0,0,0,0,0,0,1,0,0,0,0,0,8,0,5
201301,Rebol,1,5,6,0,0,2,0,0,0,6,0,0,0,10,0,58,0,5
201301,ASP,2,93,19,0,0,28,0,0,20,5,30,15,0,28,0,1409,0,29
201301,Julia,289,114,57,0,0,77,0,0,10,1913,610,7,0,284,31,1458,0,116
201301,Ecl,0,0,0,0,0,1,0,0,0,5,2,0,0,3,5,5,0,0
201301,SuperCollider,0,1,0,0,0,5,0,0,0,1,1,0,0,1,0,50,0,4
201301,C,4848,16202,3264,67,0,11592,0,0,4517,26268,12027,493,167,9373,2319,137842,0,20029
201301,Elixir,15,54,10,0,0,17,0,0,31,337,194,0,0,73,46,541,0,127
201301,Assembly,7,116,24,0,0,120,0,0,138,187,130,6,6,88,6,1550,0,211
201301,Java,6507,35881,4832,193,0,20915,0,0,12284,46446,34832,2064,412,21812,4240,302219,0,30185
201301,Fantom,0,0,0,0,0,0,0,0,0,0,0,0,0,0,0,0,0,1
201301,Coq,2,13,1,0,0,3,0,0,6,43,34,3,1,7,0,250,0,18
201301,Python,6265,20287,4042,32,0,17908,0,0,5070,49642,27643,850,337,22047,7409,209901,0,44751
201301,Ioke,0,0,0,0,0,0,0,0,0,0,0,0,0,0,0,15,0,0
201301,Augeas,0,11,2,0,0,5,0,0,24,5,2,0,0,9,0,63,0,12
201301,AppleScript,0,20,1,0,0,12,0,0,2,26,28,1,1,5,0,259,0,56
201301,XQuery,0,15,1,0,0,18,0,0,24,52,89,0,1,6,0,199,0,16
201301,Max,0,1,0,0,0,0,0,0,0,0,2,1,0,0,0,70,0,0
201301,Ceylon,4,3,2,0,0,0,0,0,0,58,9,0,0,5,0,28,0,2
201301,Shell,1059,5444,761,46,0,4824,0,0,1625,7909,5023,141,60,3395,229,77054,0,10281
201301,Pure Data,0,2,0,0,0,9,0,0,0,6,7,0,0,3,0,84,0,29
201301,Logtalk,0,3,0,0,0,0,0,0,6,1,3,0,0,0,0,79,0,0
201301,Max/MSP,0,0,0,0,0,0,0,0,0,0,0,0,0,0,0,1,0,0
201301,Ada,0,9,1,0,0,3,0,0,100,27,43,1,0,5,0,299,0,9
201301,Apex,2,27,0,0,0,42,0,0,5,72,94,0,2,5,0,185,0,38
201301,Prolog,0,113,9,0,0,45,0,0,57,101,72,8,2,18,0,1133,0,419
201301,CoffeeScript,337,1559,218,2,0,1655,0,0,367,5316,2786,57,52,1427,153,15233,0,7884
201301,Fancy,0,0,0,0,0,0,0,0,0,0,0,0,0,0,0,12,0,1
201301,Emacs Lisp,157,857,192,0,0,811,0,0,109,2120,823,7,3,678,23,14470,0,2095
201301,Objective-C,699,6581,837,2,0,11328,0,0,1831,11324,7035,470,208,3424,873,48879,0,46215
201301,Visual Basic,31,144,20,0,0,88,0,0,59,61,148,25,6,46,1,1394,0,137
201301,VimL,193,1059,155,0,0,2006,0,0,155,2092,955,12,17,734,34,28826,0,5864
201301,Kotlin,6,60,3,0,0,15,0,0,0,40,7,0,0,27,0,165,0,30
201301,Ruby,4860,33541,4722,4,0,22760,0,0,4480,58395,23660,1233,583,25253,5318,241887,0,56098
201301,Arduino,27,210,32,0,0,137,0,0,125,86,73,22,6,82,5,2157,0,303
201301,ColdFusion,11,74,12,0,0,63,0,0,53,383,229,6,2,93,6,1002,0,97
201301,Standard ML,0,17,1,0,0,7,0,0,2,4,11,1,1,5,0,360,0,51
201301,eC,0,0,0,0,0,0,0,0,0,0,0,0,0,0,0,6,0,0
201301,Tcl,8,105,10,0,0,29,0,0,51,16,21,7,1,15,0,649,0,39
201301,Arc,0,1,0,0,0,2,0,0,0,6,2,0,0,0,0,4,0,12
201301,Dylan,11,8,3,0,0,2,0,0,0,9,3,0,0,13,13,54,0,7
201301,Self,0,4,0,0,0,4,0,0,0,9,0,2,0,5,0,49,0,4
201301,Groovy,184,667,102,18,0,452,0,0,217,820,910,51,10,408,95,6655,0,549
201301,VHDL,5,38,7,0,0,21,0,0,41,7,8,3,1,14,1,609,0,27
201301,AutoHotkey,0,25,11,0,0,19,0,0,6,6,9,0,0,2,0,225,0,37
201301,Verilog,6,60,7,0,0,40,0,0,259,27,31,4,1,9,0,607,0,47
201301,R,62,356,86,0,0,274,0,0,576,985,795,23,5,263,43,6674,0,590
201301,Go,198,1340,131,0,0,914,0,0,183,1685,1071,34,16,757,89,9684,0,4361
201301,Matlab,17,142,22,0,0,69,0,0,15,58,52,36,8,12,0,6547,0,122
201301,DCPU-16 ASM,0,4,3,0,0,7,0,0,10,14,14,0,0,16,0,146,0,5
201301,Opa,0,3,1,0,0,4,0,0,0,0,1,0,0,1,0,19,0,3
201301,JavaScript,7552,40213,6315,7,0,50438,0,0,17646,103147,67952,2414,939,36214,8642,477769,0,154871
201301,Scheme,4,111,2,0,0,32,0,0,34,72,50,3,3,30,0,1415,0,155
201301,Gosu,0,6,0,0,0,10,0,0,0,9,14,2,0,2,0,59,0,16
201301,Puppet,50,566,82,0,0,714,0,0,73,578,238,6,8,674,54,4799,0,537
201301,Io,0,7,1,0,0,7,0,0,9,0,0,0,0,2,0,59,0,14
201301,C#,1150,4534,908,1,0,4447,0,0,2396,11126,6940,396,101,3746,980,47382,0,7498
201301,C++,5206,13089,2700,860,0,7798,0,0,3994,22049,11514,608,147,8495,1543,136815,0,13732
201301,Dart,58,202,57,0,0,118,0,0,47,477,250,5,3,142,222,2047,0,283
201301,Nu,0,0,0,0,0,0,0,0,0,0,0,3,0,0,0,3,0,1
201301,PHP,4959,22796,4288,28,0,18403,0,0,5054,54057,35193,1117,339,21131,5983,223591,0,32595
201301,D,45,275,60,0,0,123,0,0,73,778,186,9,8,356,344,2910,0,239
201301,Turing,0,3,2,0,0,3,0,0,0,0,0,0,0,5,0,51,0,2
201301,OpenEdge ABL,4,44,25,0,0,14,0,0,7,69,74,3,1,85,2,399,0,17
201301,Eiffel,10,22,6,0,0,6,0,0,11,4,1,0,0,35,12,147,0,10
201209,Perl,482,6859,383,258,0,1707,0,0,1033,3511,2221,118,23,1846,213,29027,0,3494
201209,Scilab,0,7,0,0,0,6,0,0,3,0,1,1,0,0,0,156,0,10
201209,Scala,541,1737,357,54,0,851,0,0,534,4833,1327,60,12,1705,1841,13311,0,2611
201209,OCaml,34,296,38,30,0,98,0,0,94,470,312,4,2,330,28,2460,0,258
201209,Parrot,0,16,9,2,0,3,0,0,0,16,54,1,0,3,0,142,0,4
201209,Nemerle,2,2,0,68,0,4,0,0,5,20,19,1,0,3,0,242,0,9
201209,FORTRAN,54,100,17,0,0,13,0,0,33,48,28,3,1,37,0,1095,0,24
201209,Objective-J,0,15,1,0,0,16,0,0,12,131,55,1,0,23,9,124,0,71
201209,F#,2,57,1,5,0,31,0,0,47,81,51,3,0,17,0,772,0,100
201209,Clojure,62,824,68,54,0,627,0,0,706,1179,660,28,17,603,123,6487,0,2509
201209,Erlang,80,689,105,1,0,546,0,0,35,614,268,20,6,386,86,4338,0,1223
201209,Boo,0,2,0,0,0,1,0,0,0,0,2,0,0,0,0,19,0,2
201209,ooc,0,0,0,1,0,0,0,0,0,1,0,0,0,0,0,0,0,0
201209,Rust,58,70,15,0,0,47,0,0,169,735,451,8,1,103,0,1153,0,164
201209,ActionScript,67,367,39,50,0,553,0,0,271,936,652,42,18,209,1,4740,0,1094
201209,Nimrod,0,3,0,0,0,0,0,0,0,0,0,0,0,0,0,32,0,3
201209,Common Lisp,38,251,14,12,0,137,0,0,32,151,152,4,4,98,9,2012,0,383
201209,Racket,2,67,8,6,0,15,0,0,26,33,38,2,3,20,0,1025,0,71
201209,Vala,1,32,2,9,0,18,0,0,15,75,63,3,0,4,0,418,0,44
201209,Factor,3,5,2,0,0,3,0,0,0,139,94,0,0,8,0,701,0,5
201209,PowerShell,10,103,7,6,0,60,0,0,37,251,60,2,7,83,6,808,0,166
201209,Lua,234,947,89,388,0,455,0,0,335,2163,1251,29,2,1155,173,11407,0,871
201209,Delphi,26,74,2,18,0,29,0,0,34,94,93,4,1,53,2,1560,0,68
201209,Smalltalk,3,86,1,0,0,10,0,0,2,107,58,1,0,20,0,419,0,18
201209,Haskell,218,1037,118,84,0,441,0,0,284,1758,1010,27,5,586,42,9120,0,1391
201209,Mirah,0,2,0,0,0,1,0,0,0,0,0,0,0,0,0,3,0,7
201209,HaXe,6,53,11,0,0,74,0,0,33,184,104,2,0,92,5,849,0,201
201209,Bro,0,0,0,0,0,0,0,0,0,0,0,0,0,0,0,20,0,5
201209,Rebol,1,5,0,1,0,33,0,0,9,2,5,0,0,3,0,74,0,4
201209,ASP,5,68,9,1,0,22,0,0,242,55,230,34,3,37,2,874,0,27
201209,Julia,125,36,10,3,0,29,0,0,7,649,123,1,1,74,3,523,0,82
201209,Ecl,0,2,0,0,0,0,0,0,4,0,0,0,0,1,0,8,0,0
201209,SuperCollider,0,3,2,0,0,3,0,0,1,4,1,0,0,1,0,88,0,7
201209,C,4133,17051,2296,1078,0,6933,0,0,2849,18022,7657,466,98,6043,1790,106067,0,12930
201209,Elixir,15,63,21,0,0,18,0,0,6,123,92,1,0,59,17,594,0,69
201209,Assembly,8,131,4,6,0,100,0,0,37,81,45,11,3,30,0,1127,0,135
201209,Java,4259,37407,2844,3403,0,12776,0,0,9408,26496,20240,1941,286,14438,2672,201828,0,18062
201209,Fantom,0,0,0,0,0,0,0,0,0,0,0,0,0,0,0,18,0,4
201209,Coq,3,16,1,0,0,3,0,0,3,23,12,4,0,5,0,332,0,22
201209,Python,5836,17695,2495,1250,0,11614,0,0,4421,49561,28140,915,240,15526,6410,174531,0,30157
201209,Augeas,1,1,0,0,0,4,0,0,0,0,0,0,0,1,0,2,0,2
201209,Ioke,0,0,0,0,0,0,0,0,0,0,0,0,0,0,0,34,0,0
201209,AppleScript,0,15,0,4,0,2,0,0,3,1,1,0,0,0,0,77,0,11
201209,XQuery,0,15,0,18,0,7,0,0,4,24,26,1,1,18,0,165,0,13
201209,Pure Data,0,19,0,1,0,7,0,0,5,18,11,2,0,3,0,95,0,12
201209,Ceylon,1,0,0,0,0,2,0,0,0,3,2,0,0,0,0,11,0,0
201209,Max,0,0,0,0,0,0,0,0,0,0,0,0,0,0,0,7,0,0
201209,Shell,753,8556,735,314,0,3200,0,0,1000,4583,2295,146,43,2282,145,50388,0,7321
201209,Logtalk,0,1,0,2,0,0,0,0,0,0,0,0,0,0,0,53,0,2
201209,Max/MSP,0,0,0,0,0,0,0,0,0,0,0,0,0,0,0,1,0,0
201209,Ada,0,11,0,0,0,3,0,0,1,0,0,1,0,1,0,138,0,5
201209,Apex,12,50,9,1,0,36,0,0,5,14,15,8,3,16,0,276,0,43
201209,Prolog,11,57,2,1,0,14,0,0,66,87,76,4,1,14,0,691,0,25
201209,CoffeeScript,154,1157,136,46,0,1063,0,0,656,2681,1665,42,44,768,116,11299,0,5357
201209,Fancy,0,1,1,0,0,0,0,0,0,0,0,0,0,0,0,37,0,4
201209,Emacs Lisp,106,1144,174,12,0,653,0,0,79,1640,712,11,3,480,25,12079,0,1520
201209,Objective-C,521,3741,380,348,0,7103,0,0,922,6374,3885,333,144,2014,611,31496,0,25538
201209,Visual Basic,2,207,28,54,0,34,0,0,46,71,136,30,1,21,0,1495,0,263
201209,VimL,129,1493,101,35,0,1545,0,0,144,1769,859,21,14,612,24,25851,0,5809
201209,Kotlin,0,0,0,0,0,4,0,0,0,1,0,0,0,0,0,134,0,12
201209,Standard ML,5,9,1,0,0,3,0,0,8,6,4,1,2,2,0,208,0,9
201209,Ruby,3747,30810,2488,257,0,17051,0,0,4618,39268,17308,1242,536,17229,3109,202533,0,45392
201209,Arduino,14,213,10,7,0,137,0,0,93,60,39,30,1,34,0,1919,0,154
201209,ColdFusion,11,76,8,6,0,76,0,0,57,348,323,1,4,93,2,1094,0,61
201209,Self,0,0,0,0,0,0,0,0,0,0,0,0,0,0,0,0,0,1
201209,Dylan,1,18,10,0,0,1,0,0,0,16,23,0,0,31,3,58,0,0
201209,Groovy,207,555,50,129,0,299,0,0,165,510,431,54,7,306,5,4326,0,397
201209,VHDL,1,37,2,1,0,7,0,0,11,6,8,3,2,42,0,554,0,13
201209,AutoHotkey,16,24,2,9,0,11,0,0,2,22,27,0,0,5,0,217,0,57
201209,Arc,0,2,1,1,0,2,0,0,0,0,0,0,0,0,0,15,0,9
201209,Verilog,1,34,3,1,0,10,0,0,66,8,4,5,1,5,0,587,0,20
201209,Tcl,1,64,1,10,0,16,0,0,17,31,9,0,0,29,2,272,0,14
201209,R,44,302,47,55,0,188,0,0,340,581,534,24,9,177,7,4963,0,492
201209,Go,154,919,80,75,0,833,0,0,252,881,684,27,16,485,60,8215,0,3572
201209,Matlab,0,166,15,2,0,45,0,0,63,11,34,15,7,7,0,2258,0,45
201209,DCPU-16 ASM,8,2,0,0,0,5,0,0,3,21,32,0,0,0,0,46,0,4
201209,Gosu,0,2,0,0,0,3,0,0,1,0,8,0,0,1,0,21,0,5
201209,Opa,0,1,0,0,0,3,0,0,1,0,0,0,0,2,0,15,0,6
201209,JavaScript,5754,29214,3496,1615,0,32810,0,0,11025,73694,45815,2033,771,23962,6633,368257,0,104820
201209,Scheme,3,136,2,17,0,44,0,0,15,46,49,4,0,29,0,1260,0,136
201209,Puppet,22,556,102,7,0,406,0,0,19,236,139,7,14,360,40,4065,0,399
201209,Io,0,1,0,0,0,1,0,0,0,0,2,0,0,0,0,29,0,3
201209,C#,662,4416,488,737,0,2614,0,0,2627,7317,5925,420,76,2453,458,37915,0,5009
201209,C++,3574,14003,1515,1050,0,5394,0,0,3177,15572,8667,490,121,5163,1909,96715,0,9997
201209,Dart,79,94,19,3,0,57,0,0,23,187,165,3,0,105,101,1390,0,200
201209,Nu,0,2,0,0,0,2,0,0,0,0,0,0,0,0,0,57,0,4
201209,Eiffel,2,19,3,8,0,3,0,0,23,7,5,0,0,7,5,111,0,2
201209,Turing,0,0,0,0,0,2,0,0,0,0,0,0,0,0,0,7,0,4
201209,PHP,3120,20594,2366,610,0,12456,0,0,4772,32896,23974,962,307,13792,3052,172966,0,22162
201209,D,74,227,40,67,0,107,0,0,142,703,169,7,5,283,542,2159,0,176
201209,OpenEdge ABL,0,126,1,0,0,9,0,0,116,0,16,2,0,4,1,361,0,27
201208,Parrot,0,26,13,3,0,4,0,0,0,29,56,0,0,2,0,168,0,7
201208,Perl,723,4725,478,205,0,1736,0,0,704,3874,2293,113,22,1969,139,155636,0,3539
201208,Scilab,0,12,0,5,0,0,0,0,2,0,0,1,0,0,0,165,0,1
201208,Scala,655,1916,391,78,0,922,0,0,607,8817,1500,66,31,1791,1102,13786,0,2956
201208,OCaml,26,242,37,6,0,64,0,0,173,474,154,1,6,249,4,2328,0,207
201208,FORTRAN,43,109,26,11,0,28,0,0,147,124,58,5,1,50,14,1155,0,26
201208,Nemerle,2,10,5,47,0,1,0,0,20,20,24,1,0,0,0,351,0,12
201208,Objective-J,8,36,12,5,0,18,0,0,24,231,63,1,0,35,20,256,0,84
201208,F#,1,76,13,8,0,35,0,0,54,77,54,5,0,37,1,814,0,154
201208,Clojure,75,923,85,61,0,625,0,0,337,1390,892,29,13,632,120,7832,0,2753
201208,Erlang,73,630,90,14,0,677,0,0,99,730,326,24,13,439,78,4165,0,1550
201208,Boo,0,2,0,0,0,2,0,0,0,0,0,0,1,0,0,27,0,4
201208,ooc,1,3,0,28,0,1,0,0,0,6,6,1,0,2,0,113,0,3
201208,Rust,52,107,26,1,0,38,0,0,47,619,450,5,0,107,1,1327,0,164
201208,ActionScript,78,470,62,50,0,545,0,0,250,607,778,29,19,183,5,5376,0,1189
201208,Nimrod,6,1,0,0,0,3,0,0,0,9,19,0,0,3,0,53,0,6
201208,Common Lisp,39,180,12,26,0,124,0,0,84,121,70,3,4,65,11,1907,0,341
201208,Racket,19,97,21,0,0,25,0,0,17,77,27,4,1,48,23,1668,0,45
201208,Vala,1,34,2,17,0,16,0,0,12,50,50,4,1,12,0,474,0,28
201208,Mirah,0,2,0,0,0,0,0,0,0,0,0,0,0,0,0,2,0,6
201208,Factor,3,14,2,0,0,3,0,0,0,134,99,0,0,2,0,574,0,10
201208,PowerShell,8,88,10,1,0,49,0,0,28,140,63,11,2,50,8,708,0,107
201208,Lua,147,918,155,215,0,449,0,0,249,1214,902,40,10,595,97,9289,0,776
201208,Delphi,3,124,8,24,0,30,0,0,24,67,73,12,0,50,1,1216,0,50
201208,Smalltalk,6,34,3,0,0,7,0,0,17,74,58,2,0,22,0,212,0,19
201208,Haskell,288,971,120,29,0,459,0,0,474,1919,1037,32,13,636,58,9421,0,1309
201208,HaXe,14,103,28,6,0,66,0,0,96,178,169,4,3,145,0,1575,0,384
201208,Bro,0,3,0,0,0,0,0,0,0,0,0,0,0,0,0,52,0,9
201208,Rebol,0,13,6,0,0,3,0,0,0,0,0,0,0,10,0,18,0,1
201208,ASP,6,75,3,36,0,21,0,0,60,26,163,13,1,7,0,785,0,23
201208,Julia,357,64,19,3,0,26,0,0,5,794,209,0,2,111,14,657,0,109
201208,C,3843,14937,2183,1211,0,7502,0,0,2311,15437,6379,368,94,5566,1570,99030,0,16970
201208,SuperCollider,0,10,2,0,0,3,0,0,1,0,0,0,0,1,0,105,0,11
201208,Elixir,17,30,5,1,0,11,0,0,0,77,21,1,0,39,19,260,0,55
201208,Assembly,8,101,9,8,0,60,0,0,29,124,63,6,3,35,0,1081,0,145
201208,Java,4292,28278,3129,4163,0,12911,0,0,9790,28002,22770,1307,257,15222,2384,195266,0,18768
201208,Fantom,0,1,0,0,0,0,0,0,0,0,0,0,0,0,0,8,0,1
201208,Coq,3,11,1,0,0,6,0,0,18,55,20,0,0,2,0,201,0,18
201208,Python,6249,17076,2502,1092,0,11934,0,0,5075,34213,18582,671,215,15101,6559,173299,0,29478
201208,AppleScript,0,13,0,29,0,0,0,0,0,0,0,0,0,0,0,72,0,0
201208,Ioke,0,0,0,0,0,0,0,0,0,0,0,0,0,0,0,27,0,0
201208,XQuery,0,8,0,5,0,4,0,0,4,8,14,2,0,2,0,112,0,8
201208,Augeas,0,9,1,0,0,1,0,0,0,4,0,0,0,4,0,27,0,3
201208,Max,0,0,0,0,0,0,0,0,0,0,0,0,0,0,0,13,0,0
201208,Ceylon,2,4,0,0,0,0,0,0,0,0,0,0,0,0,0,17,0,2
201208,Shell,639,4756,574,337,0,3094,0,0,1200,4451,2320,103,48,2453,110,48709,0,6438
201208,Pure Data,0,8,0,0,0,1,0,0,3,0,0,0,0,0,0,60,0,18
201208,Logtalk,0,1,0,3,0,0,0,0,5,0,0,0,0,0,0,20,0,0
201208,Max/MSP,0,0,0,0,0,0,0,0,0,0,0,0,0,0,0,2,0,0
201208,Apex,0,17,0,0,0,32,0,0,6,21,12,1,1,9,0,473,0,33
201208,Prolog,5,57,4,0,0,11,0,0,14,114,81,5,1,14,0,593,0,22
201208,Ada,0,5,0,0,0,0,0,0,0,0,0,0,0,0,0,71,0,3
201208,CoffeeScript,162,1631,132,96,0,1337,0,0,273,2414,1866,77,42,1185,86,11844,0,4647
201208,Fancy,2,4,0,0,0,0,0,0,0,2,0,0,1,0,0,31,0,3
201208,Emacs Lisp,109,1345,94,21,0,735,0,0,83,1611,692,10,8,541,23,11165,0,1501
201208,Objective-C,459,4316,381,436,0,7233,0,0,910,7847,4443,298,139,2448,912,34385,0,26028
201208,Visual Basic,18,151,9,34,0,40,0,0,72,38,81,20,1,25,0,1155,0,78
201208,VimL,144,1536,70,6,0,1645,0,0,204,1729,803,17,14,468,9,26959,0,4482
201208,Ruby,4655,32329,2250,215,0,18505,0,0,4392,40913,17522,1178,568,16089,3183,197664,0,43245
201208,ColdFusion,7,99,14,5,0,78,0,0,32,208,258,3,5,74,0,1053,0,88
201208,Arduino,6,167,4,2,0,63,0,0,58,34,57,13,4,8,0,1290,0,150
201208,Standard ML,9,9,2,0,0,3,0,0,20,42,32,0,0,7,0,226,0,11
201208,Kotlin,0,9,2,0,0,1,0,0,0,2,0,0,0,0,0,125,0,5
201208,Self,0,0,0,0,0,0,0,0,0,0,0,0,0,0,0,4,0,1
201208,eC,0,0,0,0,0,0,0,0,0,0,0,0,0,0,0,1,0,0
201208,Arc,0,4,0,0,0,3,0,0,0,3,3,0,0,0,0,20,0,6
201208,Dylan,37,43,29,0,0,1,0,0,0,83,43,0,0,82,0,96,0,6
201208,AutoHotkey,9,44,4,12,0,21,0,0,17,2760,1558,4,0,34,0,354,0,35
201208,Groovy,326,490,38,64,0,236,0,0,226,409,436,47,7,242,0,4121,0,352
201208,VHDL,2,47,4,7,0,5,0,0,6,13,9,5,0,11,0,487,0,12
201208,Verilog,0,18,1,1,0,13,0,0,66,0,1,2,1,1,0,335,0,33
201208,Tcl,0,30,1,0,0,21,0,0,11,4,29,0,2,14,0,224,0,29
201208,DCPU-16 ASM,0,1,0,1,0,2,0,0,1,4,2,0,0,0,0,30,0,4
201208,R,73,277,49,35,0,157,0,0,205,624,482,29,8,216,74,4704,0,279
201208,Go,72,2164,54,36,0,423,0,0,84,554,459,26,12,330,49,7010,0,1747
201208,Matlab,6,130,11,12,0,43,0,0,204,107,87,18,5,20,0,1749,0,57
201208,Gosu,2,7,0,0,0,9,0,0,5,0,0,2,0,14,0,120,0,0
201208,Opa,0,0,0,0,0,5,0,0,1,0,0,0,0,5,0,45,0,7
201208,JavaScript,6067,32150,3590,1757,0,35160,0,0,10006,76147,48134,1804,726,26900,6574,340838,0,108064
201208,Scheme,18,83,2,1,0,37,0,0,26,10,20,0,2,7,0,1154,0,106
201208,Puppet,68,599,133,5,0,472,0,0,57,299,132,10,7,382,41,4204,0,296
201208,Io,0,2,0,0,0,4,0,0,0,5,9,0,0,2,0,59,0,10
201208,C#,1000,3976,411,658,0,2645,0,0,2118,6229,5396,401,78,2465,432,36532,0,4917
201208,C++,4619,8396,1396,957,0,5135,0,0,2759,16044,9126,395,106,5831,1578,100044,0,10431
201208,Dart,78,107,33,5,0,37,0,0,20,158,74,6,0,106,186,851,0,245
201208,PHP,3390,17661,2252,641,0,11816,0,0,4486,32279,20162,964,289,13745,3395,168714,0,22914
201208,D,34,199,41,109,0,107,0,0,72,423,288,6,2,202,164,2095,0,245
201208,Turing,0,1,0,0,0,5,0,0,0,0,0,0,0,0,0,24,0,9
201208,OpenEdge ABL,0,2,0,0,0,1,0,0,2,97,8,1,1,0,0,200,0,7
201208,Nu,0,0,0,0,0,3,0,0,0,0,0,0,0,0,0,5,0,6
201208,Eiffel,0,15,0,2,0,4,0,0,17,0,1,1,1,5,0,113,0,5
201207,Scilab,0,12,0,1,0,2,0,0,1,0,0,0,1,4,0,234,0,1
201207,Parrot,0,31,28,3,0,3,0,0,0,33,43,0,0,1,0,176,0,2
201207,Perl,269,5537,307,95,0,1132,0,0,664,2262,1380,75,11,1353,103,22518,0,2917
201207,Scala,678,1666,246,58,0,747,0,0,734,3403,1313,53,16,1310,1061,12563,0,2677
201207,OCaml,59,195,48,11,0,72,0,0,40,933,160,2,1,265,17,2024,0,239
201207,Nemerle,3,13,1,30,0,12,0,0,217,71,40,0,0,18,3,149,0,23
201207,FORTRAN,24,124,5,5,0,16,0,0,53,101,59,5,0,11,39,1044,0,48
201207,Objective-J,27,59,30,0,0,19,0,0,7,408,98,0,0,85,9,368,0,99
201207,F#,4,60,6,17,0,34,0,0,19,36,49,3,0,38,0,645,0,84
201207,Clojure,212,928,88,47,0,597,0,0,166,1284,832,28,16,620,187,6979,0,3214
201207,Erlang,86,798,88,16,0,561,0,0,83,582,306,28,34,415,63,5093,0,1602
201207,Boo,0,0,0,0,0,1,0,0,0,0,0,0,0,5,0,24,0,3
201207,Rust,40,113,20,0,0,75,0,0,125,782,474,8,2,154,0,1192,0,244
201207,ooc,0,1,0,0,0,0,0,0,0,0,0,0,0,2,0,4,0,1
201207,ActionScript,72,305,20,74,0,489,0,0,221,870,584,20,14,161,1,4172,0,1622
201207,Common Lisp,25,146,9,1,0,131,0,0,55,111,63,7,6,56,1,1668,0,340
201207,Racket,16,32,12,0,0,12,0,0,22,25,15,1,0,32,0,884,0,33
201207,Vala,0,46,9,13,0,23,0,0,27,55,25,0,0,29,0,459,0,42
201207,Nimrod,0,2,0,0,0,6,0,0,2,47,66,0,0,8,0,117,0,3
201207,Mirah,0,2,0,0,0,0,0,0,0,0,0,0,0,0,0,1,0,2
201207,Factor,9,3,1,0,0,0,0,0,0,180,108,0,0,0,0,607,0,10
201207,PowerShell,4,67,1,10,0,48,0,0,58,147,50,6,1,26,1,546,0,123
201207,Lua,129,638,59,126,0,284,0,0,235,578,413,47,8,295,48,7816,0,807
201207,Delphi,14,66,1,47,0,27,0,0,52,81,47,4,0,29,8,1246,0,97
201207,Smalltalk,6,82,13,0,0,16,0,0,1,182,85,2,0,37,2,452,0,22
201207,Haskell,243,900,101,38,0,380,0,0,168,1124,720,35,14,434,50,9160,0,1515
201207,HaXe,21,75,12,6,0,67,0,0,81,263,252,2,5,93,3,1379,0,372
201207,Rebol,0,0,0,0,0,1,0,0,0,4,4,0,0,0,0,4,0,2
201207,Bro,0,0,0,0,0,0,0,0,0,0,0,0,0,0,0,9,0,1
201207,ASP,15,83,8,0,0,22,0,0,47,44,441,13,4,21,0,1236,0,36
201207,Julia,230,44,15,0,0,20,0,0,4,596,167,1,0,100,28,542,0,80
201207,C,3433,17601,2175,987,0,6611,0,0,3097,14439,6015,330,63,4832,1056,98457,0,15932
201207,SuperCollider,1,12,0,0,0,6,0,0,1,2,3,0,0,5,0,197,0,8
201207,Elixir,14,27,3,5,0,10,0,0,1,118,86,0,0,31,4,234,0,48
201207,Assembly,4,153,19,1,0,56,0,0,80,100,70,17,2,18,0,951,0,144
201207,Java,4182,23953,2955,3343,0,11869,0,0,8562,26873,21956,1450,233,14845,2333,189117,0,22348
201207,Fantom,0,0,0,0,0,0,0,0,0,0,0,0,0,0,0,4,0,0
201207,Coq,2,18,1,0,0,4,0,0,16,61,29,0,0,10,0,289,0,19
201207,Python,5875,18366,2305,976,0,11426,0,0,5645,33746,18674,744,204,14787,4374,166546,0,31731
201207,Augeas,1,11,2,0,0,1,0,0,0,9,0,0,0,9,0,51,0,1
201207,Ioke,0,0,0,0,0,0,0,0,0,0,0,0,0,0,0,27,0,1
201207,XQuery,0,22,2,8,0,6,0,0,1,6,10,1,0,5,0,100,0,20
201207,Ceylon,0,0,0,0,0,0,0,0,0,2,2,0,0,0,0,11,0,0
201207,Pure Data,0,10,0,0,0,6,0,0,0,1,0,0,0,5,0,94,0,15
201207,Shell,909,15357,643,347,0,3049,0,0,1110,4608,2362,135,48,2364,133,52010,0,6867
201207,Logtalk,0,0,0,0,0,0,0,0,1,0,0,0,0,0,0,2,0,0
201207,Max/MSP,0,0,0,0,0,0,0,0,0,0,0,0,0,0,0,1,0,2
201207,Apex,0,25,4,0,0,18,0,0,24,23,25,2,2,5,0,225,0,38
201207,Prolog,0,52,1,5,0,11,0,0,34,5,26,6,0,5,0,565,0,31
201207,Ada,0,7,0,0,0,1,0,0,4,0,0,1,0,0,0,114,0,11
201207,CoffeeScript,202,1300,127,36,0,1032,0,0,268,2689,1778,42,48,866,141,11966,0,5006
201207,Fancy,0,3,0,0,0,0,0,0,0,0,0,0,0,0,0,9,0,0
201207,Emacs Lisp,85,1163,79,15,0,702,0,0,84,1527,665,14,6,440,3,10523,0,1797
201207,Objective-C,514,4818,367,344,0,6780,0,0,1216,7103,4079,341,121,2046,826,32244,0,30792
201207,Visual Basic,3,112,4,34,0,42,0,0,94,40,88,14,1,27,0,1111,0,106
201207,VimL,189,1485,71,21,0,1686,0,0,175,1597,783,14,15,537,16,27543,0,5376
201207,Standard ML,7,8,2,0,0,3,0,0,0,28,19,3,1,2,0,399,0,4
201207,Ruby,4411,31147,2383,209,0,16864,0,0,4602,38893,17563,1213,572,15539,3218,197186,0,43364
201207,ColdFusion,29,132,7,29,0,95,0,0,77,281,212,3,1,131,0,1175,0,209
201207,Arduino,15,213,17,5,0,66,0,0,59,26,23,18,6,18,0,1501,0,178
201207,Kotlin,0,23,0,0,0,3,0,0,1,42,4,1,1,0,0,205,0,22
201207,eC,0,0,0,0,0,0,0,0,0,0,0,0,0,0,0,2,0,0
201207,Self,0,0,0,0,0,0,0,0,0,0,0,0,0,0,0,38,0,0
201207,Arc,0,0,0,0,0,2,0,0,0,0,0,0,0,0,0,62,0,10
201207,Dylan,0,3,1,0,0,1,0,0,0,7,0,0,0,7,0,21,0,2
201207,Groovy,353,622,62,62,0,439,0,0,241,598,528,57,10,423,18,4383,0,534
201207,VHDL,0,13,0,0,0,7,0,0,3,0,0,2,1,0,0,315,0,19
201207,AutoHotkey,4,23,1,9,0,11,0,0,1,44,21,0,0,16,2,259,0,25
201207,Verilog,0,36,4,2,0,6,0,0,35,3,26,2,0,6,0,342,0,40
201207,Tcl,1,135,30,5,0,19,0,0,12,14,13,0,0,4,0,290,0,26
201207,R,99,280,42,39,0,198,0,0,241,794,572,26,11,207,109,4286,0,381
201207,Go,72,1851,49,34,0,382,0,0,83,561,426,16,16,351,12,5932,0,1795
201207,Matlab,27,135,11,5,0,42,0,0,90,203,91,29,6,33,0,2596,0,114
201207,DCPU-16 ASM,5,10,3,0,0,4,0,0,8,54,102,0,0,6,3,198,0,19
201207,Opa,0,6,0,0,0,5,0,0,11,0,0,1,0,2,0,82,0,10
201207,Gosu,7,4,0,0,0,5,0,0,0,5,6,0,1,6,0,52,0,4
201207,JavaScript,5468,27537,3054,1299,0,29516,0,0,8597,65924,41921,1557,660,22251,6831,303410,0,114783
201207,Scheme,3,116,14,8,0,32,0,0,24,3,19,2,0,26,2,1187,0,108
201207,Puppet,29,410,82,7,0,390,0,0,21,224,128,6,6,242,29,4074,0,336
201207,C#,895,3816,421,683,0,2692,0,0,1987,6100,5066,360,54,2522,380,35002,0,6667
201207,C++,4437,8768,1336,1154,0,4823,0,0,3598,14950,10089,473,102,5649,1666,99509,0,10470
201207,Dart,0,41,4,7,0,55,0,0,4,24,29,0,1,34,0,469,0,204
201207,Io,2,3,0,0,0,0,0,0,0,1,3,0,1,0,0,46,0,6
201207,Nu,0,1,0,0,0,0,0,0,0,0,0,0,0,0,0,5,0,2
201207,Turing,0,4,0,0,0,2,0,0,2,8,6,0,0,0,0,44,0,8
201207,PHP,4010,17314,2601,534,0,11433,0,0,4579,30969,19633,861,276,15004,4165,159245,0,26609
201207,D,126,616,62,111,0,97,0,0,56,921,241,9,1,352,292,2750,0,287
201207,OpenEdge ABL,1,3,0,0,0,0,0,0,22,3,19,0,1,1,0,144,0,12
201207,Eiffel,8,63,0,0,0,4,0,0,12,0,0,0,0,6,0,111,0,19
201206,Perl,300,4158,459,114,0,1052,0,0,386,2407,1482,73,15,1400,89,22545,0,2254
201206,Scilab,0,4,1,0,0,2,0,0,2,0,1,0,0,6,0,277,0,1
201206,Scala,510,1579,330,83,0,829,0,0,685,2919,1413,72,28,1319,1211,12622,0,3643
201206,OCaml,39,207,36,11,0,65,0,0,14,519,90,1,5,210,4,1590,0,285
201206,Parrot,0,60,33,2,0,2,0,0,2,35,56,2,0,3,0,156,0,5
201206,Nemerle,4,5,1,48,0,15,0,0,12,19,25,0,0,9,0,88,0,22
201206,Objective-J,30,47,17,1,0,28,0,0,38,257,49,2,2,63,53,358,0,107
201206,FORTRAN,16,135,25,1,0,18,0,0,15,104,73,6,0,35,0,1055,0,41
201206,F#,2,58,1,20,0,31,0,0,13,14,39,1,0,16,0,599,0,110
201206,Clojure,138,896,83,38,0,547,0,0,126,1175,700,27,16,518,53,6507,0,2395
201206,Erlang,139,880,113,27,0,581,0,0,55,866,360,22,14,450,203,5123,0,1855
201206,Boo,0,2,0,0,0,1,0,0,5,0,0,0,0,2,0,18,0,4
201206,Rust,19,81,22,0,0,35,0,0,78,561,429,12,0,79,0,1159,0,166
201206,ooc,0,4,0,0,0,3,0,0,0,1,0,0,1,5,0,82,0,8
201206,ActionScript,76,316,33,62,0,463,0,0,115,988,722,20,11,126,2,4058,0,1475
201206,Nimrod,2,3,0,0,0,1,0,0,10,14,24,0,0,2,0,61,0,11
201206,Common Lisp,22,388,15,34,0,112,0,0,48,114,61,5,3,51,0,1711,0,392
201206,Racket,18,22,3,5,0,10,0,0,12,26,6,0,0,17,0,912,0,41
201206,Vala,1,414,2,11,0,18,0,0,6,68,54,0,0,20,0,374,0,42
201206,Smalltalk,20,55,5,14,0,29,0,0,15,143,140,3,0,21,0,688,0,34
201206,Factor,8,8,0,0,0,5,0,0,0,85,46,0,0,2,0,162,0,12
201206,PowerShell,23,73,8,2,0,57,0,0,64,195,91,4,21,49,13,604,0,170
201206,Lua,68,480,53,184,0,294,0,0,248,773,396,28,5,328,85,5384,0,976
201206,Delphi,7,91,4,54,0,39,0,0,22,152,50,4,1,30,1,1338,0,124
201206,Haskell,137,884,120,44,0,398,0,0,158,972,591,23,15,402,14,8429,0,1321
201206,Mirah,0,1,0,0,0,2,0,0,0,0,0,0,1,0,0,199,0,6
201206,HaXe,18,48,4,0,0,60,0,0,75,155,101,8,0,53,0,1404,0,266
201206,Rebol,0,8,0,0,0,1,0,0,0,0,1,0,0,0,0,41,0,8
201206,Bro,0,1,0,0,0,0,0,0,0,0,0,0,0,0,0,10,0,0
201206,ASP,0,86,3,1,0,11,0,0,67,7,40,15,5,18,0,760,0,17
201206,Julia,93,29,7,2,0,23,0,0,26,510,120,3,1,56,46,557,0,66
201206,C,2960,34383,1795,900,0,5984,0,0,2459,12920,5654,377,84,4651,902,96176,0,13258
201206,SuperCollider,2,1,0,0,0,1,0,0,1,3,8,0,0,0,0,145,0,5
201206,Elixir,11,33,1,1,0,7,0,0,7,188,65,0,0,47,13,223,0,39
201206,Assembly,4,178,9,15,0,70,0,0,45,76,57,5,1,16,0,1349,0,158
201206,Java,3991,21360,2396,3368,0,10640,0,0,6858,25692,18507,1392,258,12376,1838,186750,0,18625
201206,Coq,2,19,1,0,0,4,0,0,10,16,27,1,1,21,0,403,0,12
201206,Python,4889,17458,2318,964,0,10452,0,0,4070,29651,17080,729,222,13590,5026,152285,0,28369
201206,Ioke,0,1,0,0,0,0,0,0,0,0,0,0,0,0,0,22,0,1
201206,Augeas,0,1,0,0,0,4,0,0,0,2,0,0,0,4,0,7,0,4
201206,XQuery,0,15,3,0,0,7,0,0,49,22,77,0,0,2,0,98,0,10
201206,Shell,596,4442,512,284,0,2750,0,0,1039,4151,2041,117,44,2033,173,44443,0,5931
201206,Pure Data,0,16,3,0,0,2,0,0,5,1,13,1,0,0,0,87,0,13
201206,Max/MSP,0,1,0,0,0,0,0,0,1,0,0,1,0,0,0,52,0,0
201206,Apex,0,11,1,0,0,18,0,0,9,19,21,0,0,8,0,124,0,31
201206,Prolog,0,55,6,1,0,10,0,0,13,29,28,4,3,33,0,685,0,23
201206,Ada,0,18,1,0,0,2,0,0,12,0,0,2,0,3,0,269,0,14
201206,CoffeeScript,200,1485,243,63,0,1305,0,0,245,2504,1429,33,43,701,131,11390,0,4394
201206,Fancy,0,0,0,0,0,0,0,0,0,0,2,0,0,0,0,40,0,1
201206,Emacs Lisp,108,569,54,6,0,635,0,0,60,1014,408,9,6,366,1,9594,0,1564
201206,Objective-C,620,2996,218,257,0,5695,0,0,702,5558,2896,263,74,1740,855,25711,0,23753
201206,Visual Basic,9,110,5,17,0,47,0,0,27,228,46,4,1,16,0,706,0,430
201206,VimL,183,1182,60,35,0,1296,0,0,147,1360,572,22,14,399,33,22857,0,4103
201206,Ruby,3770,29082,2049,229,0,17418,0,0,3900,36161,16326,1175,659,14253,2810,186816,0,42095
201206,Arduino,14,151,4,4,0,38,0,0,68,26,38,14,2,25,2,1171,0,128
201206,ColdFusion,31,58,15,5,0,53,0,0,65,228,182,3,12,95,0,1148,0,158
201206,Standard ML,0,6,0,1,0,1,0,0,0,2,0,4,1,0,0,219,0,8
201206,Kotlin,0,5,0,0,0,2,0,0,0,0,0,0,0,0,0,128,0,15
201206,Dylan,0,1,1,0,0,0,0,0,0,15,5,0,0,5,0,25,0,2
201206,Self,0,1,0,0,0,1,0,0,0,0,0,0,0,0,0,46,0,3
201206,Groovy,150,540,60,57,0,291,0,0,215,694,662,45,12,371,24,4495,0,751
201206,VHDL,6,23,3,2,0,4,0,0,14,51,69,2,2,21,0,848,0,42
201206,AutoHotkey,5,22,3,8,0,14,0,0,1,33,35,0,0,14,0,217,0,26
201206,Arc,0,3,0,0,0,0,0,0,0,0,0,0,0,1,0,30,0,12
201206,Verilog,4,31,6,3,0,10,0,0,24,4,3,4,0,11,0,398,0,48
201206,Tcl,1,35,2,3,0,7,0,0,2,18,33,0,2,8,0,419,0,34
201206,DCPU-16 ASM,5,7,1,0,0,15,0,0,2,28,63,0,0,6,4,132,0,30
201206,R,22,215,25,82,0,126,0,0,272,913,699,30,4,153,47,3702,0,326
201206,Go,49,361,32,35,0,276,0,0,113,376,321,13,8,164,20,4461,0,1269
201206,Matlab,14,179,15,12,0,46,0,0,95,94,68,28,3,36,0,3777,0,107
201206,Gosu,0,4,0,0,0,0,0,0,0,1,0,0,0,2,0,25,0,1
201206,Opa,0,5,0,0,0,6,0,0,0,0,0,1,0,0,0,38,0,10
201206,JavaScript,5644,25420,2994,1282,0,33001,0,0,7592,63418,41235,1608,633,20706,5812,281393,0,117858
201206,Scheme,6,102,2,4,0,32,0,0,5,16,23,1,1,10,0,887,0,124
201206,Puppet,25,454,90,75,0,383,0,0,20,212,104,8,6,301,56,3182,0,266
201206,Io,0,3,0,0,0,3,0,0,0,3,6,0,0,0,0,57,0,2
201206,C#,928,4250,374,650,0,2909,0,0,2107,5671,4100,309,78,2340,358,34035,0,5946
201206,C++,5117,8711,1193,1028,0,4501,0,0,3219,12569,6816,505,110,5112,1639,95126,0,11250
201206,Dart,10,23,1,0,0,27,0,0,51,56,30,3,0,48,0,446,0,132
201206,Nu,0,0,0,0,0,1,0,0,0,0,0,0,0,0,0,1,0,2
201206,Turing,0,6,0,0,0,2,0,0,0,1,5,0,0,0,0,16,0,14
201206,PHP,3679,15408,2069,639,0,10377,0,0,4352,27173,16697,836,265,11690,3822,149120,0,24701
201206,D,95,195,68,42,0,96,0,0,70,592,182,4,0,202,127,2467,0,274
201206,OpenEdge ABL,0,3,0,0,0,1,0,0,9,0,1,0,0,0,0,159,0,2
201206,Eiffel,8,36,8,9,0,8,0,0,14,0,4,2,0,6,0,242,0,10
201205,Scilab,0,17,0,0,0,5,0,0,0,5,1,3,0,12,0,224,0,5
201205,Perl,327,3929,294,121,0,1195,0,0,551,2592,1974,67,25,1301,81,23947,0,2713
201205,Scala,583,1819,344,100,0,875,0,0,984,2512,1427,62,18,1516,816,13623,0,3207
201205,OCaml,61,229,42,8,0,45,0,0,38,664,146,3,2,257,6,2408,0,297
201205,Parrot,1,13,0,1,0,3,0,0,1,15,5,0,0,9,0,213,0,9
201205,Nemerle,3,7,3,40,0,16,0,0,3,51,18,0,0,20,0,149,0,36
201205,FORTRAN,22,106,21,2,0,36,0,0,27,74,60,9,2,52,8,969,0,52
201205,Objective-J,40,26,5,0,0,34,0,0,5,777,93,0,0,32,27,213,0,107
201205,F#,4,86,3,1,0,37,0,0,27,62,84,0,0,18,0,535,0,119
201205,Clojure,71,852,53,60,0,609,0,0,372,1165,615,30,10,513,22,6937,0,2861
201205,Erlang,172,792,199,19,0,590,0,0,158,842,419,22,15,456,79,5631,0,1521
201205,Boo,0,3,0,1,0,2,0,0,0,0,0,4,0,5,0,47,0,5
201205,ooc,7,5,0,0,0,3,0,0,0,1,1,2,0,4,0,99,0,9
201205,Rust,42,68,17,0,0,34,0,0,49,349,227,2,1,50,10,865,0,89
201205,ActionScript,111,307,27,62,0,469,0,0,102,635,636,30,20,151,3,4631,0,1639
201205,Common Lisp,34,222,23,21,0,110,0,0,62,211,115,10,6,67,0,1708,0,484
201205,Racket,5,28,4,2,0,19,0,0,25,22,15,4,0,21,0,1084,0,31
201205,Vala,36,61,10,15,0,18,0,0,7,138,35,2,0,38,1,398,0,39
201205,Nimrod,0,2,0,0,0,3,0,0,0,14,42,0,0,4,0,68,0,16
201205,Mirah,0,2,0,2,0,1,0,0,0,0,0,0,1,0,0,59,0,9
201205,Smalltalk,87,54,3,4,0,21,0,0,15,92,100,2,0,31,2,542,0,63
201205,Factor,1,3,0,0,0,6,0,0,1,41,28,0,0,3,0,168,0,15
201205,PowerShell,24,78,2,16,0,54,0,0,34,114,61,4,1,47,1,695,0,186
201205,Lua,85,502,46,150,0,261,0,0,287,568,387,28,2,265,70,5383,0,1018
201205,Delphi,14,120,15,24,0,43,0,0,83,75,64,0,2,71,9,1245,0,166
201205,Haskell,137,750,76,10,0,355,0,0,312,3262,1818,42,11,366,21,8972,0,1350
201205,HaXe,3,74,4,9,0,44,0,0,33,145,158,3,2,24,0,880,0,286
201205,Rebol,0,0,0,0,0,0,0,0,0,1,0,0,0,0,0,4,0,3
201205,ASP,1,73,2,2,0,4,0,0,3,7,14,8,1,1,0,836,0,21
201205,Julia,246,44,12,0,0,38,0,0,20,751,196,0,0,76,34,869,0,117
201205,Bro,0,1,0,0,0,0,0,0,0,1,0,0,0,1,0,25,0,1
201205,SuperCollider,0,21,1,0,0,2,0,0,5,1,7,0,0,0,0,182,0,10
201205,C,3302,17579,1911,995,0,6486,0,0,2698,13401,6581,395,100,4586,1104,103009,0,14540
201205,Elixir,8,41,7,3,0,14,0,0,11,130,67,0,0,47,31,295,0,57
201205,Assembly,8,180,15,12,0,91,0,0,29,100,60,16,1,61,1,1481,0,219
201205,Java,5064,27361,2460,3035,0,11475,0,0,8400,24716,18215,1498,286,13722,2085,211384,0,20819
201205,Fantom,0,0,0,0,0,0,0,0,0,0,0,0,0,0,0,3,0,0
201205,Coq,0,14,1,0,0,4,0,0,17,0,0,0,1,1,0,270,0,8
201205,Python,4828,17379,2227,911,0,10636,0,0,3801,27943,16431,724,206,12944,4316,156227,0,31978
201205,Ioke,0,0,0,0,0,0,0,0,0,0,0,0,0,0,0,11,0,0
201205,XQuery,0,9,0,0,0,6,0,0,28,30,85,2,0,4,0,109,0,15
201205,Augeas,0,1,1,0,0,1,0,0,0,1,0,0,0,2,1,12,0,1
201205,Shell,715,5779,585,320,0,2737,0,0,1141,3859,2074,125,43,2088,140,47834,0,6386
201205,Pure Data,0,13,1,0,0,3,0,0,0,4,1,1,0,3,0,177,0,22
201205,Logtalk,0,0,0,0,0,0,0,0,4,0,0,0,0,0,0,18,0,3
201205,Ada,4,13,0,0,0,6,0,0,12,1,1,2,0,3,0,276,0,13
201205,Apex,1,24,2,0,0,26,0,0,14,48,57,1,1,17,0,270,0,50
201205,Prolog,38,96,8,9,0,10,0,0,89,19,28,6,1,15,0,837,0,21
201205,Max/MSP,0,0,0,1,0,0,0,0,0,0,0,0,0,0,0,33,0,0
201205,CoffeeScript,168,1412,221,65,0,865,0,0,212,2212,1343,62,28,760,114,11036,0,4631
201205,Fancy,0,5,1,0,0,1,0,0,0,4,5,0,0,0,0,42,0,3
201205,Emacs Lisp,81,538,50,6,0,574,0,0,56,966,388,5,5,350,7,8883,0,1431
201205,Objective-C,655,3200,340,262,0,6701,0,0,756,6616,3601,241,106,1793,850,26655,0,29622
201205,Visual Basic,2,140,2,25,0,32,0,0,22,13,49,10,3,12,0,822,0,95
201205,VimL,131,1407,73,59,0,1311,0,0,155,1478,684,13,9,459,6,23388,0,4247
201205,Ruby,4131,30827,2145,156,0,17331,0,0,4942,39543,17486,1168,557,16257,2689,195013,0,48296
201205,ColdFusion,14,76,5,6,0,92,0,0,42,266,201,3,2,89,0,997,0,229
201205,Arduino,0,140,0,4,0,28,0,0,91,17,24,16,0,10,0,1075,0,126
201205,Standard ML,6,7,0,2,0,3,0,0,5,19,9,1,1,2,0,320,0,8
201205,Kotlin,0,6,0,0,0,3,0,0,0,2,0,0,0,4,0,134,0,10
201205,eC,0,0,0,0,0,1,0,0,0,0,0,0,0,0,0,0,0,2
201205,Dylan,0,17,0,0,0,4,0,0,2,23,8,0,0,21,0,72,0,7
201205,Arc,0,2,0,0,0,2,0,0,0,2,1,0,1,2,0,20,0,6
201205,Self,0,0,0,0,0,1,0,0,0,0,0,0,0,0,0,8,0,10
201205,Groovy,182,653,78,56,0,293,0,0,246,866,814,45,10,511,349,5267,0,450
201205,VHDL,0,42,3,5,0,7,0,0,13,4,6,10,1,10,0,843,0,20
201205,AutoHotkey,4,22,4,16,0,25,0,0,5,8,12,0,0,12,1,252,0,16
201205,Verilog,1,42,5,0,0,7,0,0,33,3,6,3,1,0,0,458,0,42
201205,Tcl,0,2840,272,3,0,14,0,0,7,23,30,0,0,9,0,1400,0,46
201205,DCPU-16 ASM,6,25,4,1,0,25,0,0,36,57,42,0,0,18,1,253,0,68
201205,R,43,253,21,106,0,119,0,0,299,438,423,18,11,186,30,3713,0,409
201205,Go,34,409,28,15,0,319,0,0,49,398,352,13,6,138,15,4510,0,1562
201205,Matlab,27,265,18,4,0,49,0,0,212,187,149,16,11,43,3,5425,0,109
201205,Opa,0,0,0,0,0,4,0,0,0,2,1,0,0,1,0,52,0,19
201205,JavaScript,5788,25297,2723,1507,0,26932,0,0,8261,61711,40118,1384,660,19573,4481,288368,0,110926
201205,Scheme,2,117,14,0,0,38,0,0,10,31,15,2,1,27,0,1315,0,151
201205,Gosu,0,2,0,0,0,0,0,0,1,0,0,0,0,0,0,30,0,2
201205,Puppet,35,495,112,2,0,330,0,0,37,225,86,6,4,358,72,3485,0,285
201205,Io,0,7,0,0,0,5,0,0,1,13,6,0,0,5,18,173,0,7
201205,C#,1106,3719,515,633,0,2759,0,0,1779,6491,4946,262,65,2552,327,36343,0,6493
201205,C++,5389,9268,1369,975,0,4170,0,0,2442,14022,7880,536,132,4645,1222,96739,0,10249
201205,Dart,6,59,1,3,0,42,0,0,11,11,19,9,0,6,1,754,0,231
201205,Nu,0,1,0,0,0,0,0,0,0,0,0,0,0,0,0,0,0,7
201205,Turing,0,2,1,0,0,2,0,0,0,0,0,0,0,0,0,20,0,11
201205,PHP,3694,15454,1902,713,0,10251,0,0,4822,27527,16187,939,250,12349,3412,150656,0,26756
201205,D,73,229,59,30,0,109,0,0,80,676,232,3,3,283,162,2638,0,370
201205,OpenEdge ABL,0,8,5,0,0,1,0,0,0,0,0,0,0,0,0,265,0,4
201205,Eiffel,9,13,1,5,0,6,0,0,3,11,20,1,0,4,0,196,0,6
201204,Parrot,0,8,0,1,0,0,0,0,0,8,12,0,0,1,0,127,0,2
201204,Perl,314,3200,339,66,0,899,1,0,497,2457,1734,95,21,1092,123,21415,0,2290
201204,Scilab,2,22,0,10,0,5,0,0,7,10,8,0,0,2,0,216,0,10
201204,Scala,491,1608,297,65,0,728,0,0,839,1903,1102,55,18,1152,350,12103,0,3010
201204,OCaml,27,216,41,4,0,41,0,0,112,370,95,7,6,167,1,2256,0,181
201204,DCPU-16 Assembly,0,0,0,0,0,0,0,0,0,0,0,0,0,0,0,2,0,0
201204,FORTRAN,18,58,2,0,0,13,0,0,30,75,32,4,0,37,9,952,0,42
201204,Nemerle,0,5,0,20,0,6,0,0,57,12,14,0,0,4,0,55,0,10
201204,Objective-J,53,25,14,0,0,33,0,0,223,316,145,0,0,63,10,369,0,113
201204,F#,36,55,1,6,0,34,0,0,7,53,34,1,1,13,0,432,0,87
201204,Clojure,91,1040,80,54,0,511,0,0,325,1289,804,55,11,521,13,7231,0,3302
201204,Erlang,143,724,92,47,0,372,1,0,93,768,384,41,16,395,76,4745,0,1984
201204,ooc,2,2,0,3,0,1,0,0,0,3,0,0,0,6,0,98,0,6
201204,Boo,5,2,0,1,0,2,0,0,0,0,0,0,0,4,0,20,0,9
201204,Rust,64,83,25,2,0,43,0,0,22,748,366,1,0,84,0,930,0,169
201204,ActionScript,105,425,24,86,0,401,0,0,139,543,691,29,13,169,8,5183,0,1748
201204,Common Lisp,25,277,5,6,0,115,0,0,20,132,116,8,1,88,1,1731,0,518
201204,Racket,7,49,4,0,0,12,0,0,87,6,7,7,0,10,0,942,0,42
201204,Vala,1,32,3,3,0,5,0,0,6,25,31,0,0,6,0,315,0,36
201204,Nimrod,0,1,0,0,0,0,0,0,0,0,16,0,0,0,0,41,0,3
201204,Mirah,0,1,0,0,0,0,0,0,0,0,0,0,0,0,0,8,0,4
201204,Factor,5,6,3,0,0,0,0,0,5,61,32,0,0,3,0,123,0,3
201204,PowerShell,4,46,1,3,0,24,0,0,20,56,50,2,1,12,0,464,0,95
201204,Lua,87,549,67,104,0,169,0,0,297,681,531,32,5,363,49,6663,0,665
201204,Delphi,28,72,3,21,0,26,0,0,19,129,83,3,0,52,3,1408,0,127
201204,Smalltalk,12,54,0,2,0,11,0,0,17,29,17,0,1,4,5,388,0,44
201204,Haskell,134,1059,101,12,0,385,0,0,284,1174,637,29,13,600,60,9464,0,1434
201204,HaXe,19,72,10,3,0,38,0,0,32,82,113,3,2,42,0,970,0,318
201204,Julia,0,10,0,0,0,6,0,0,1,29,11,0,0,3,0,129,0,14
201204,Rebol,0,0,0,0,0,1,0,0,0,0,0,0,0,0,0,5,0,8
201204,Bro,0,0,0,0,0,0,0,0,0,0,0,0,0,0,0,3,0,0
201204,ASP,1,54,0,2,0,5,0,0,6,3,10,5,0,21,0,477,0,11
201204,C,3320,14240,1829,827,0,5355,88,0,2687,41444,14714,368,94,4460,1010,96492,0,14669
201204,SuperCollider,144,25,2,0,0,3,0,0,34,1,0,0,0,2,0,205,0,22
201204,Elixir,14,39,11,0,0,21,0,0,86,227,107,1,0,62,18,304,0,81
201204,Assembly,24,138,6,33,0,400,1,0,32,145,104,22,2,45,0,1762,0,2169
201204,Java,4119,24424,2808,3596,0,9551,17,0,8923,26594,17860,1686,216,13565,1775,201832,0,16969
201204,Fantom,0,0,0,0,0,0,0,0,0,0,0,0,0,0,0,3,0,0
201204,Powershell,0,0,0,0,0,0,0,0,1,1,1,0,0,1,0,0,0,0
201204,Coq,1,22,5,0,0,3,0,0,1,0,1,0,0,2,0,213,0,3
201204,Python,4511,16785,1883,856,0,8994,8,0,4131,27180,17549,725,241,11803,3961,152708,0,30367
201204,Augeas,0,1,0,0,0,0,0,0,0,2,0,0,0,1,0,8,0,1
201204,Ioke,0,0,0,0,0,0,0,0,0,0,0,0,0,0,0,12,0,1
201204,XQuery,0,11,0,0,0,8,0,0,25,18,20,0,0,4,0,113,0,17
201204,Shell,788,6356,611,289,0,2358,1,0,1117,3929,2130,155,30,2012,146,43951,0,6715
201204,Pure Data,0,17,1,0,0,3,0,0,3,0,5,0,0,0,0,116,0,30
201204,Logtalk,0,2,0,0,0,0,0,0,79,0,0,0,0,0,0,17,0,4
201204,Max/MSP,0,6,2,3,0,0,0,0,8,25,10,0,0,0,0,52,0,1
201204,Apex,2,30,0,0,0,9,0,0,13,30,39,2,1,16,0,173,0,32
201204,Prolog,13,61,2,1,0,9,0,0,37,8,14,7,2,3,0,821,0,18
201204,Ada,3,22,0,3,0,4,0,0,60,2,2,3,1,1,0,240,0,11
201204,CoffeeScript,129,1303,105,42,0,772,0,0,298,2377,1304,34,33,668,237,10190,0,5190
201204,Fancy,0,7,1,0,0,0,0,0,0,0,1,0,0,0,0,65,0,11
201204,Emacs Lisp,87,1289,62,13,0,597,0,0,79,1109,442,15,10,406,6,9839,0,1509
201204,Objective-C,828,3355,251,230,0,4444,1,0,612,5950,3439,219,130,1821,322,25937,0,25243
201204,Visual Basic,11,137,2,50,0,25,0,0,31,38,71,6,2,82,2,786,0,61
201204,VimL,140,1683,80,14,0,1332,0,0,160,1410,699,20,18,433,19,24399,0,6177
201204,Ruby,4312,31391,2102,320,0,15411,8,0,5512,36643,16622,1139,616,15569,2122,189618,0,46899
201204,Arduino,9,168,3,13,0,38,0,0,51,65,91,23,4,43,0,1130,0,114
201204,ColdFusion,13,70,8,10,0,78,0,0,77,328,129,9,1,95,0,676,0,178
201204,Standard ML,4,31,1,0,0,4,0,0,12,24,15,0,0,9,0,356,0,9
201204,Kotlin,0,0,0,0,0,1,0,0,0,0,0,0,0,0,0,88,0,11
201204,Self,0,0,0,0,0,2,0,0,0,0,0,0,0,0,0,4,0,5
201204,Tcl,0,133,22,11,0,13,0,0,5,39,27,1,0,4,0,502,0,22
201204,Groovy,76,718,72,92,0,329,0,0,182,568,567,47,5,330,38,4375,0,429
201204,VHDL,0,23,2,1,0,3,0,0,1,1,19,3,0,0,0,769,0,25
201204,AutoHotkey,5,23,1,4,0,32,0,0,23,6,4,0,0,7,0,203,0,33
201204,Verilog,5,51,14,0,0,17,0,0,38,42,22,1,1,4,0,848,0,45
201204,Arc,9,3,0,7,0,3,0,0,0,4,5,0,0,0,0,33,0,32
201204,Dylan,2,13,5,0,0,6,0,0,0,27,19,0,0,23,4,75,0,4
201204,DCPU-16 ASM,13,44,3,2,0,40,0,0,1,89,63,1,1,48,0,478,0,224
201204,R,84,329,31,127,0,105,2,0,266,658,513,17,7,249,69,4030,0,305
201204,Go,51,658,26,29,0,255,0,0,75,423,310,12,14,202,36,5106,0,1709
201204,Matlab,18,272,11,10,0,38,0,0,116,179,171,39,8,37,0,4373,0,100
201204,Gosu,0,9,0,0,0,2,0,0,0,13,2,0,0,1,0,35,0,4
201204,Opa,0,8,0,0,0,6,0,0,0,0,1,0,0,0,0,25,0,8
201204,JavaScript,5036,25094,2396,1382,0,21936,12,0,8080,51431,37509,1287,603,17456,3300,268651,0,113104
201204,Scheme,0,162,8,2,0,28,0,0,42,39,18,8,2,13,5,1379,0,150
201204,Puppet,45,480,128,0,0,234,1,0,22,187,92,3,9,324,24,2886,0,241
201204,Dart,1,32,4,2,0,15,0,0,5,7,7,4,2,0,0,672,0,88
201204,C#,1110,3936,428,790,0,2252,5,0,1865,6814,5281,256,59,2518,351,35476,0,5888
201204,C++,4792,11207,1422,1080,0,3450,7,0,3099,13721,8973,487,90,4831,811,96339,0,11370
201204,Io,0,11,0,0,0,0,0,0,2,0,0,3,0,0,0,82,0,12
201204,Nu,0,3,0,0,0,0,0,0,0,0,0,0,0,0,0,0,0,1
201204,OpenEdge ABL,0,11,0,2,0,1,0,0,7,0,0,0,0,1,0,136,0,1
201204,Eiffel,10,34,5,0,0,4,0,0,8,3,0,1,0,4,0,197,0,7
201204,PHP,3498,22630,1887,581,0,8058,9,0,3814,25578,17326,760,246,11628,3325,144398,0,23219
201204,D,57,216,26,58,0,91,0,0,133,430,160,8,1,250,57,2165,0,281
201204,Turing,1,9,0,0,0,3,0,0,0,4,2,1,0,2,0,56,0,6
